call_id,account_id,agent_id,call_date,call_hour,day_of_week,day_name,call_result,duration_seconds
CALL0000001,ACC00001,A005,2025-01-13,11,3,Wednesday,Voicemail,5
CALL0000002,ACC00001,A006,2025-03-28,18,7,Sunday,Wrong Number,13
CALL0000003,ACC00002,A010,2024-12-12,11,4,Thursday,Wrong Number,4
CALL0000004,ACC00002,A007,2025-07-18,19,5,Friday,Contacted,237
CALL0000005,ACC00002,A002,2025-05-20,19,1,Monday,Contacted,516
CALL0000006,ACC00003,A009,2025-04-13,19,5,Friday,Busy,23
CALL0000007,ACC00004,A007,2024-11-27,12,7,Sunday,Voicemail,16
CALL0000008,ACC00004,A009,2024-09-09,17,1,Monday,Wrong Number,23
CALL0000009,ACC00004,A002,2024-05-30,12,3,Wednesday,No Answer,13
CALL0000010,ACC00004,A009,2024-12-28,19,5,Friday,No Answer,12
CALL0000011,ACC00005,A003,2025-04-17,9,2,Tuesday,Busy,15
CALL0000012,ACC00005,A002,2025-01-23,9,5,Friday,No Answer,30
CALL0000013,ACC00005,A003,2024-10-07,16,3,Wednesday,No Answer,17
CALL0000014,ACC00006,A004,2024-10-08,16,1,Monday,Voicemail,12
CALL0000015,ACC00006,A006,2025-08-29,18,5,Friday,Contacted,218
CALL0000016,ACC00007,A005,2024-05-27,18,7,Sunday,Wrong Number,26
CALL0000017,ACC00007,A003,2024-12-18,18,2,Tuesday,No Answer,14
CALL0000018,ACC00007,A007,2025-08-22,19,4,Thursday,No Answer,6
CALL0000019,ACC00008,A007,2024-09-25,15,5,Friday,No Answer,5
CALL0000020,ACC00008,A008,2025-01-27,18,4,Thursday,Contacted,449
CALL0000021,ACC00008,A004,2025-11-19,8,5,Friday,Busy,10
CALL0000022,ACC00008,A010,2025-09-06,10,1,Monday,Busy,11
CALL0000023,ACC00010,A004,2024-09-09,16,2,Tuesday,No Answer,6
CALL0000024,ACC00010,A008,2024-08-25,12,2,Tuesday,Wrong Number,26
CALL0000025,ACC00011,A010,2024-07-29,20,2,Tuesday,Voicemail,1
CALL0000026,ACC00011,A007,2025-07-12,18,2,Tuesday,No Answer,27
CALL0000027,ACC00011,A007,2025-05-20,16,1,Monday,No Answer,3
CALL0000028,ACC00013,A001,2025-11-01,17,4,Thursday,Contacted,55
CALL0000029,ACC00013,A009,2024-11-15,17,6,Saturday,No Answer,4
CALL0000030,ACC00014,A002,2025-03-03,19,6,Saturday,No Answer,23
CALL0000031,ACC00014,A005,2025-09-27,16,2,Tuesday,Contacted,235
CALL0000032,ACC00014,A003,2025-05-28,19,7,Sunday,Voicemail,28
CALL0000033,ACC00015,A010,2024-08-02,13,1,Monday,Contacted,519
CALL0000034,ACC00015,A009,2025-11-18,9,6,Saturday,No Answer,6
CALL0000035,ACC00015,A008,2025-01-26,9,3,Wednesday,No Answer,25
CALL0000036,ACC00015,A001,2024-04-28,11,1,Monday,Voicemail,29
CALL0000037,ACC00015,A009,2024-05-18,12,3,Wednesday,Busy,29
CALL0000038,ACC00016,A008,2025-11-01,9,1,Monday,Contacted,576
CALL0000039,ACC00016,A010,2025-10-09,12,1,Monday,No Answer,24
CALL0000040,ACC00016,A005,2024-08-06,20,3,Wednesday,Wrong Number,12
CALL0000041,ACC00017,A008,2024-07-11,16,2,Tuesday,No Answer,1
CALL0000042,ACC00017,A010,2024-11-04,17,1,Monday,No Answer,25
CALL0000043,ACC00017,A001,2024-10-20,10,4,Thursday,Contacted,320
CALL0000044,ACC00017,A001,2024-03-18,17,1,Monday,Contacted,369
CALL0000045,ACC00018,A009,2025-11-10,15,4,Thursday,Contacted,446
CALL0000046,ACC00018,A008,2024-09-16,18,3,Wednesday,Busy,24
CALL0000047,ACC00019,A008,2024-03-17,8,4,Thursday,No Answer,29
CALL0000048,ACC00019,A006,2025-08-20,16,5,Friday,Contacted,568
CALL0000049,ACC00019,A001,2025-03-12,14,2,Tuesday,Busy,1
CALL0000050,ACC00020,A007,2025-08-28,20,5,Friday,Wrong Number,11
CALL0000051,ACC00020,A003,2024-08-01,13,5,Friday,Busy,27
CALL0000052,ACC00021,A007,2024-03-29,15,3,Wednesday,Contacted,400
CALL0000053,ACC00021,A001,2025-01-10,8,3,Wednesday,Contacted,53
CALL0000054,ACC00022,A009,2025-10-31,19,1,Monday,Contacted,417
CALL0000055,ACC00023,A002,2025-03-07,19,2,Tuesday,Wrong Number,24
CALL0000056,ACC00023,A010,2024-01-06,8,4,Thursday,Wrong Number,17
CALL0000057,ACC00023,A003,2024-03-01,17,7,Sunday,No Answer,15
CALL0000058,ACC00024,A006,2024-01-08,15,2,Tuesday,No Answer,3
CALL0000059,ACC00024,A009,2025-11-06,10,2,Tuesday,Busy,5
CALL0000060,ACC00025,A010,2024-01-14,16,3,Wednesday,Busy,11
CALL0000061,ACC00026,A005,2024-10-31,8,2,Tuesday,Contacted,597
CALL0000062,ACC00026,A002,2025-04-08,16,1,Monday,Contacted,134
CALL0000063,ACC00026,A006,2024-09-09,13,1,Monday,Voicemail,6
CALL0000064,ACC00027,A001,2025-03-29,20,2,Tuesday,Busy,29
CALL0000065,ACC00027,A008,2025-03-23,12,4,Thursday,Voicemail,30
CALL0000066,ACC00027,A003,2025-07-23,20,4,Thursday,Busy,0
CALL0000067,ACC00027,A005,2025-07-07,8,1,Monday,No Answer,19
CALL0000068,ACC00027,A009,2024-12-03,11,1,Monday,Busy,25
CALL0000069,ACC00028,A008,2024-04-07,20,2,Tuesday,Wrong Number,25
CALL0000070,ACC00028,A009,2024-10-21,18,4,Thursday,Busy,2
CALL0000071,ACC00028,A006,2025-11-21,16,4,Thursday,Contacted,257
CALL0000072,ACC00029,A009,2025-07-26,17,7,Sunday,Busy,14
CALL0000073,ACC00029,A005,2025-08-22,18,5,Friday,Contacted,485
CALL0000074,ACC00030,A006,2024-09-02,18,3,Wednesday,Voicemail,26
CALL0000075,ACC00030,A010,2025-07-19,13,3,Wednesday,Voicemail,18
CALL0000076,ACC00030,A001,2024-11-09,17,1,Monday,Busy,18
CALL0000077,ACC00030,A003,2025-03-05,16,3,Wednesday,Voicemail,11
CALL0000078,ACC00031,A007,2025-07-10,15,3,Wednesday,Wrong Number,10
CALL0000079,ACC00031,A001,2025-04-15,11,3,Wednesday,Contacted,484
CALL0000080,ACC00032,A009,2024-11-21,10,3,Wednesday,Wrong Number,21
CALL0000081,ACC00033,A009,2025-08-24,19,1,Monday,Contacted,50
CALL0000082,ACC00034,A005,2025-05-05,18,4,Thursday,Contacted,437
CALL0000083,ACC00034,A001,2024-10-02,12,5,Friday,Busy,10
CALL0000084,ACC00035,A005,2025-11-22,11,5,Friday,Busy,6
CALL0000085,ACC00035,A005,2025-06-08,8,1,Monday,Contacted,159
CALL0000086,ACC00036,A009,2024-12-04,13,7,Sunday,No Answer,10
CALL0000087,ACC00037,A008,2025-04-14,12,7,Sunday,Wrong Number,5
CALL0000088,ACC00037,A008,2025-07-30,18,1,Monday,Contacted,407
CALL0000089,ACC00038,A003,2024-08-06,11,1,Monday,Voicemail,11
CALL0000090,ACC00039,A001,2024-03-25,13,4,Thursday,Wrong Number,7
CALL0000091,ACC00039,A010,2024-10-13,8,6,Saturday,Wrong Number,5
CALL0000092,ACC00039,A003,2025-09-06,9,2,Tuesday,Busy,19
CALL0000093,ACC00039,A002,2024-05-14,8,1,Monday,Busy,28
CALL0000094,ACC00040,A001,2024-09-03,16,6,Saturday,Busy,15
CALL0000095,ACC00040,A002,2025-02-09,11,1,Monday,No Answer,6
CALL0000096,ACC00041,A003,2025-08-23,10,1,Monday,Voicemail,0
CALL0000097,ACC00041,A004,2024-06-03,9,1,Monday,No Answer,18
CALL0000098,ACC00041,A002,2025-10-20,11,3,Wednesday,Contacted,528
CALL0000099,ACC00041,A007,2025-09-10,9,1,Monday,Contacted,379
CALL0000100,ACC00042,A008,2024-05-29,11,3,Wednesday,Voicemail,22
CALL0000101,ACC00043,A010,2025-01-12,13,4,Thursday,Contacted,490
CALL0000102,ACC00044,A004,2024-05-26,11,2,Tuesday,Busy,4
CALL0000103,ACC00044,A006,2024-03-25,20,4,Thursday,No Answer,9
CALL0000104,ACC00044,A002,2025-01-20,12,5,Friday,Wrong Number,0
CALL0000105,ACC00044,A002,2025-09-21,12,5,Friday,Contacted,136
CALL0000106,ACC00044,A001,2025-11-17,15,4,Thursday,Wrong Number,10
CALL0000107,ACC00045,A010,2025-11-05,15,6,Saturday,Busy,0
CALL0000108,ACC00045,A001,2024-06-12,16,5,Friday,Wrong Number,17
CALL0000109,ACC00046,A002,2024-03-16,18,4,Thursday,Contacted,281
CALL0000110,ACC00046,A007,2025-11-22,10,3,Wednesday,Wrong Number,0
CALL0000111,ACC00047,A004,2025-05-04,17,2,Tuesday,Contacted,184
CALL0000112,ACC00047,A003,2025-12-01,15,4,Thursday,No Answer,27
CALL0000113,ACC00047,A006,2025-01-22,18,4,Thursday,Contacted,554
CALL0000114,ACC00048,A004,2025-05-24,9,2,Tuesday,Contacted,349
CALL0000115,ACC00048,A004,2024-01-23,8,7,Sunday,Voicemail,24
CALL0000116,ACC00049,A003,2025-07-04,16,5,Friday,No Answer,6
CALL0000117,ACC00049,A010,2024-09-22,15,4,Thursday,Wrong Number,12
CALL0000118,ACC00049,A008,2024-08-01,10,3,Wednesday,Voicemail,3
CALL0000119,ACC00050,A006,2024-07-25,18,4,Thursday,Contacted,103
CALL0000120,ACC00050,A001,2024-08-03,19,1,Monday,Contacted,311
CALL0000121,ACC00050,A003,2025-02-01,18,2,Tuesday,Contacted,329
CALL0000122,ACC00051,A005,2024-08-13,19,3,Wednesday,Wrong Number,5
CALL0000123,ACC00051,A006,2024-11-19,20,2,Tuesday,Busy,15
CALL0000124,ACC00052,A009,2024-11-17,20,3,Wednesday,Wrong Number,8
CALL0000125,ACC00052,A010,2025-03-27,15,4,Thursday,Contacted,315
CALL0000126,ACC00052,A003,2024-10-21,17,6,Saturday,Contacted,446
CALL0000127,ACC00053,A006,2025-02-27,16,7,Sunday,Wrong Number,17
CALL0000128,ACC00053,A008,2024-04-22,10,5,Friday,Busy,24
CALL0000129,ACC00054,A008,2025-05-19,11,7,Sunday,No Answer,19
CALL0000130,ACC00054,A003,2025-08-21,18,2,Tuesday,Busy,2
CALL0000131,ACC00054,A001,2025-08-12,10,3,Wednesday,Voicemail,28
CALL0000132,ACC00054,A001,2024-07-09,10,2,Tuesday,Wrong Number,17
CALL0000133,ACC00055,A002,2024-12-19,20,5,Friday,Busy,11
CALL0000134,ACC00055,A010,2025-06-16,12,4,Thursday,Busy,7
CALL0000135,ACC00056,A004,2024-04-05,12,4,Thursday,Busy,24
CALL0000136,ACC00056,A010,2024-07-16,15,5,Friday,Contacted,87
CALL0000137,ACC00057,A008,2024-10-03,12,5,Friday,Wrong Number,24
CALL0000138,ACC00057,A009,2024-01-13,14,3,Wednesday,Contacted,173
CALL0000139,ACC00057,A001,2025-03-12,11,1,Monday,Busy,0
CALL0000140,ACC00058,A005,2025-11-23,16,4,Thursday,Contacted,427
CALL0000141,ACC00058,A010,2025-07-10,11,7,Sunday,Wrong Number,21
CALL0000142,ACC00058,A010,2025-01-25,8,5,Friday,Contacted,583
CALL0000143,ACC00058,A007,2025-02-19,15,5,Friday,Contacted,241
CALL0000144,ACC00060,A009,2025-11-24,12,6,Saturday,Busy,0
CALL0000145,ACC00060,A004,2025-01-14,19,2,Tuesday,No Answer,3
CALL0000146,ACC00061,A001,2025-09-28,14,6,Saturday,Busy,11
CALL0000147,ACC00062,A006,2024-01-01,9,6,Saturday,No Answer,15
CALL0000148,ACC00062,A009,2025-06-27,17,6,Saturday,No Answer,6
CALL0000149,ACC00062,A002,2025-06-05,16,5,Friday,Voicemail,8
CALL0000150,ACC00062,A007,2024-03-03,12,2,Tuesday,Contacted,445
CALL0000151,ACC00063,A009,2024-12-14,9,2,Tuesday,No Answer,8
CALL0000152,ACC00063,A001,2025-10-23,11,2,Tuesday,Contacted,547
CALL0000153,ACC00063,A009,2024-07-20,9,4,Thursday,Contacted,442
CALL0000154,ACC00063,A005,2024-11-21,14,3,Wednesday,Wrong Number,17
CALL0000155,ACC00065,A010,2025-09-14,8,6,Saturday,No Answer,12
CALL0000156,ACC00065,A007,2025-06-23,17,4,Thursday,Contacted,135
CALL0000157,ACC00065,A002,2024-04-05,10,4,Thursday,Wrong Number,3
CALL0000158,ACC00065,A009,2025-08-05,16,6,Saturday,Voicemail,18
CALL0000159,ACC00065,A006,2024-07-25,17,2,Tuesday,Contacted,72
CALL0000160,ACC00066,A009,2024-12-06,20,4,Thursday,Voicemail,11
CALL0000161,ACC00066,A009,2024-03-09,16,3,Wednesday,Contacted,183
CALL0000162,ACC00066,A003,2025-01-13,11,7,Sunday,Busy,9
CALL0000163,ACC00066,A009,2025-02-01,14,1,Monday,Wrong Number,10
CALL0000164,ACC00068,A004,2025-07-06,18,6,Saturday,Wrong Number,19
CALL0000165,ACC00068,A006,2024-01-05,18,5,Friday,Contacted,557
CALL0000166,ACC00068,A007,2024-07-28,10,6,Saturday,Contacted,423
CALL0000167,ACC00069,A006,2025-10-24,11,2,Tuesday,No Answer,5
CALL0000168,ACC00069,A004,2024-05-08,19,3,Wednesday,Contacted,139
CALL0000169,ACC00069,A009,2024-01-05,18,3,Wednesday,Contacted,37
CALL0000170,ACC00070,A004,2025-04-28,10,5,Friday,Contacted,497
CALL0000171,ACC00070,A008,2025-07-22,19,6,Saturday,Wrong Number,15
CALL0000172,ACC00070,A003,2024-04-28,10,5,Friday,Contacted,356
CALL0000173,ACC00070,A001,2025-05-07,17,6,Saturday,Contacted,92
CALL0000174,ACC00071,A003,2024-03-25,10,1,Monday,Contacted,315
CALL0000175,ACC00071,A006,2024-07-17,12,2,Tuesday,Contacted,83
CALL0000176,ACC00072,A010,2025-05-10,19,5,Friday,Wrong Number,3
CALL0000177,ACC00072,A007,2025-03-13,20,5,Friday,Wrong Number,3
CALL0000178,ACC00072,A008,2025-01-08,17,3,Wednesday,Wrong Number,24
CALL0000179,ACC00073,A004,2024-02-11,16,5,Friday,Contacted,270
CALL0000180,ACC00073,A003,2024-10-21,18,1,Monday,Voicemail,4
CALL0000181,ACC00074,A008,2024-10-15,20,7,Sunday,Voicemail,6
CALL0000182,ACC00074,A010,2025-10-01,11,5,Friday,Contacted,120
CALL0000183,ACC00074,A001,2024-03-18,18,2,Tuesday,No Answer,14
CALL0000184,ACC00074,A002,2025-01-05,17,3,Wednesday,Contacted,81
CALL0000185,ACC00075,A002,2025-10-17,16,1,Monday,No Answer,23
CALL0000186,ACC00075,A001,2024-02-14,9,5,Friday,Wrong Number,0
CALL0000187,ACC00076,A008,2024-05-17,14,4,Thursday,Voicemail,27
CALL0000188,ACC00076,A006,2024-12-10,16,6,Saturday,Busy,7
CALL0000189,ACC00077,A005,2025-05-27,17,3,Wednesday,Busy,3
CALL0000190,ACC00077,A009,2025-08-07,14,4,Thursday,Wrong Number,7
CALL0000191,ACC00078,A004,2025-10-10,14,2,Tuesday,Busy,0
CALL0000192,ACC00078,A006,2024-04-03,20,7,Sunday,Wrong Number,13
CALL0000193,ACC00078,A005,2024-05-29,18,1,Monday,Contacted,371
CALL0000194,ACC00078,A001,2025-08-29,19,7,Sunday,Busy,9
CALL0000195,ACC00081,A002,2025-11-22,17,1,Monday,Contacted,80
CALL0000196,ACC00081,A010,2024-11-07,17,3,Wednesday,Contacted,118
CALL0000197,ACC00081,A008,2024-01-25,16,3,Wednesday,Contacted,176
CALL0000198,ACC00081,A006,2024-04-27,14,4,Thursday,Busy,7
CALL0000199,ACC00082,A001,2025-11-02,19,3,Wednesday,Busy,25
CALL0000200,ACC00082,A009,2024-04-01,19,1,Monday,Contacted,83
CALL0000201,ACC00082,A001,2025-09-01,16,1,Monday,No Answer,23
CALL0000202,ACC00082,A004,2024-11-13,19,4,Thursday,Contacted,569
CALL0000203,ACC00083,A001,2024-10-12,9,4,Thursday,Busy,19
CALL0000204,ACC00083,A008,2025-09-28,18,1,Monday,Contacted,255
CALL0000205,ACC00084,A009,2024-03-31,11,3,Wednesday,Contacted,55
CALL0000206,ACC00084,A010,2024-03-25,10,1,Monday,No Answer,11
CALL0000207,ACC00085,A006,2025-04-14,19,7,Sunday,No Answer,27
CALL0000208,ACC00085,A009,2024-08-13,9,6,Saturday,No Answer,11
CALL0000209,ACC00086,A004,2025-11-21,18,2,Tuesday,Wrong Number,15
CALL0000210,ACC00086,A010,2025-09-11,15,4,Thursday,No Answer,17
CALL0000211,ACC00086,A008,2024-05-07,18,1,Monday,Contacted,268
CALL0000212,ACC00086,A007,2025-02-21,18,3,Wednesday,Contacted,136
CALL0000213,ACC00087,A003,2025-03-13,15,6,Saturday,Wrong Number,12
CALL0000214,ACC00087,A007,2025-11-04,16,5,Friday,Contacted,271
CALL0000215,ACC00087,A007,2025-07-11,16,5,Friday,Contacted,119
CALL0000216,ACC00087,A003,2025-10-17,10,6,Saturday,Contacted,192
CALL0000217,ACC00088,A007,2025-03-21,15,6,Saturday,Busy,14
CALL0000218,ACC00088,A010,2024-03-28,20,7,Sunday,Busy,17
CALL0000219,ACC00089,A006,2025-07-04,20,1,Monday,Contacted,277
CALL0000220,ACC00089,A008,2025-08-02,16,1,Monday,Contacted,518
CALL0000221,ACC00089,A005,2025-04-21,10,3,Wednesday,Wrong Number,12
CALL0000222,ACC00091,A002,2025-07-24,14,5,Friday,Contacted,60
CALL0000223,ACC00091,A008,2024-10-24,10,3,Wednesday,Wrong Number,10
CALL0000224,ACC00091,A006,2025-07-18,16,4,Thursday,Busy,18
CALL0000225,ACC00091,A002,2025-02-09,13,1,Monday,No Answer,20
CALL0000226,ACC00092,A001,2024-11-11,16,1,Monday,Voicemail,24
CALL0000227,ACC00092,A009,2024-01-05,18,2,Tuesday,Contacted,215
CALL0000228,ACC00092,A004,2025-04-02,16,6,Saturday,Wrong Number,1
CALL0000229,ACC00092,A003,2025-10-19,8,1,Monday,No Answer,3
CALL0000230,ACC00093,A005,2024-01-14,9,4,Thursday,No Answer,15
CALL0000231,ACC00093,A003,2024-06-24,16,7,Sunday,Voicemail,4
CALL0000232,ACC00094,A007,2024-07-12,14,2,Tuesday,Contacted,46
CALL0000233,ACC00095,A003,2024-02-12,8,7,Sunday,No Answer,30
CALL0000234,ACC00096,A010,2024-06-25,19,4,Thursday,Contacted,295
CALL0000235,ACC00096,A006,2025-04-07,13,3,Wednesday,Voicemail,0
CALL0000236,ACC00096,A007,2025-05-21,19,5,Friday,Voicemail,9
CALL0000237,ACC00096,A001,2025-11-10,20,3,Wednesday,Wrong Number,8
CALL0000238,ACC00097,A005,2025-07-09,19,5,Friday,Contacted,341
CALL0000239,ACC00097,A007,2025-01-16,11,3,Wednesday,Contacted,419
CALL0000240,ACC00097,A005,2025-07-16,20,4,Thursday,Busy,21
CALL0000241,ACC00098,A009,2024-10-30,16,6,Saturday,Voicemail,20
CALL0000242,ACC00098,A007,2025-03-15,17,6,Saturday,Busy,13
CALL0000243,ACC00099,A006,2025-06-14,12,2,Tuesday,Wrong Number,15
CALL0000244,ACC00099,A003,2025-06-21,15,6,Saturday,Voicemail,7
CALL0000245,ACC00099,A004,2025-10-28,14,5,Friday,Voicemail,9
CALL0000246,ACC00099,A001,2025-03-16,20,5,Friday,No Answer,11
CALL0000247,ACC00100,A003,2024-11-08,13,1,Monday,No Answer,19
CALL0000248,ACC00100,A008,2025-06-28,12,3,Wednesday,No Answer,1
CALL0000249,ACC00100,A001,2024-07-20,12,6,Saturday,Busy,18
CALL0000250,ACC00101,A006,2025-04-02,11,5,Friday,Voicemail,8
CALL0000251,ACC00101,A002,2025-11-13,17,5,Friday,Contacted,59
CALL0000252,ACC00101,A003,2025-03-07,10,4,Thursday,Voicemail,1
CALL0000253,ACC00102,A009,2025-10-13,8,7,Sunday,Contacted,219
CALL0000254,ACC00102,A008,2024-04-06,12,3,Wednesday,Busy,29
CALL0000255,ACC00102,A004,2025-09-02,12,5,Friday,Busy,26
CALL0000256,ACC00103,A002,2025-09-27,19,5,Friday,Contacted,132
CALL0000257,ACC00103,A007,2024-05-25,11,3,Wednesday,Contacted,200
CALL0000258,ACC00103,A007,2025-01-01,11,3,Wednesday,Contacted,594
CALL0000259,ACC00104,A009,2025-01-24,19,5,Friday,Contacted,82
CALL0000260,ACC00104,A005,2025-01-07,15,4,Thursday,Voicemail,11
CALL0000261,ACC00104,A010,2024-12-16,20,2,Tuesday,No Answer,25
CALL0000262,ACC00104,A005,2025-10-02,9,2,Tuesday,Contacted,518
CALL0000263,ACC00105,A007,2025-01-01,12,5,Friday,No Answer,29
CALL0000264,ACC00105,A004,2024-05-18,15,4,Thursday,Contacted,496
CALL0000265,ACC00106,A006,2024-09-13,14,7,Sunday,No Answer,21
CALL0000266,ACC00107,A007,2025-01-18,20,5,Friday,Busy,24
CALL0000267,ACC00107,A002,2024-09-20,19,2,Tuesday,Voicemail,16
CALL0000268,ACC00107,A010,2025-06-07,20,4,Thursday,No Answer,18
CALL0000269,ACC00107,A001,2024-03-01,15,2,Tuesday,Wrong Number,7
CALL0000270,ACC00108,A008,2024-08-28,19,4,Thursday,Wrong Number,23
CALL0000271,ACC00108,A003,2024-03-01,12,1,Monday,Busy,29
CALL0000272,ACC00108,A003,2025-11-24,17,3,Wednesday,Contacted,132
CALL0000273,ACC00109,A009,2024-08-08,12,2,Tuesday,No Answer,9
CALL0000274,ACC00109,A001,2024-12-18,19,1,Monday,Contacted,185
CALL0000275,ACC00109,A003,2024-05-28,14,5,Friday,Voicemail,1
CALL0000276,ACC00109,A003,2025-07-20,11,5,Friday,Contacted,291
CALL0000277,ACC00109,A010,2025-04-27,13,3,Wednesday,Busy,19
CALL0000278,ACC00110,A002,2024-12-05,12,1,Monday,Voicemail,6
CALL0000279,ACC00111,A002,2024-07-26,17,2,Tuesday,Voicemail,7
CALL0000280,ACC00111,A002,2024-02-09,17,6,Saturday,Wrong Number,15
CALL0000281,ACC00112,A008,2024-04-19,13,3,Wednesday,No Answer,30
CALL0000282,ACC00112,A008,2025-09-11,10,6,Saturday,No Answer,29
CALL0000283,ACC00112,A010,2024-08-06,19,4,Thursday,Busy,21
CALL0000284,ACC00113,A002,2024-02-24,18,3,Wednesday,Busy,5
CALL0000285,ACC00114,A008,2024-09-09,14,6,Saturday,Wrong Number,6
CALL0000286,ACC00114,A010,2025-03-21,18,1,Monday,Contacted,170
CALL0000287,ACC00114,A006,2025-06-10,17,3,Wednesday,Contacted,329
CALL0000288,ACC00115,A005,2025-09-25,19,1,Monday,No Answer,8
CALL0000289,ACC00115,A007,2024-11-21,9,5,Friday,Contacted,164
CALL0000290,ACC00115,A005,2025-06-17,11,4,Thursday,Busy,23
CALL0000291,ACC00115,A007,2025-10-15,13,1,Monday,Wrong Number,14
CALL0000292,ACC00117,A007,2024-02-18,12,4,Thursday,Busy,8
CALL0000293,ACC00117,A004,2025-04-15,17,2,Tuesday,Contacted,179
CALL0000294,ACC00117,A009,2025-03-10,16,1,Monday,Contacted,279
CALL0000295,ACC00118,A004,2025-04-02,11,1,Monday,No Answer,7
CALL0000296,ACC00118,A002,2024-10-14,14,1,Monday,Busy,0
CALL0000297,ACC00118,A003,2024-08-28,16,4,Thursday,Contacted,271
CALL0000298,ACC00120,A002,2024-07-20,17,1,Monday,Wrong Number,16
CALL0000299,ACC00120,A010,2025-10-14,14,3,Wednesday,Contacted,580
CALL0000300,ACC00120,A007,2025-11-23,17,1,Monday,Wrong Number,7
CALL0000301,ACC00121,A007,2025-04-22,18,4,Thursday,Contacted,527
CALL0000302,ACC00121,A002,2025-05-08,11,1,Monday,No Answer,8
CALL0000303,ACC00121,A005,2024-02-21,20,6,Saturday,Wrong Number,7
CALL0000304,ACC00122,A003,2024-01-29,18,5,Friday,Voicemail,3
CALL0000305,ACC00122,A010,2024-08-09,15,4,Thursday,Contacted,142
CALL0000306,ACC00122,A006,2024-03-23,17,5,Friday,Contacted,295
CALL0000307,ACC00123,A003,2025-04-28,10,3,Wednesday,No Answer,19
CALL0000308,ACC00123,A009,2025-04-09,15,1,Monday,No Answer,22
CALL0000309,ACC00124,A003,2024-05-24,19,2,Tuesday,Contacted,139
CALL0000310,ACC00124,A001,2025-02-15,18,3,Wednesday,Busy,30
CALL0000311,ACC00125,A005,2025-05-21,11,1,Monday,Wrong Number,23
CALL0000312,ACC00125,A007,2024-02-17,10,1,Monday,Voicemail,21
CALL0000313,ACC00126,A004,2024-11-05,12,3,Wednesday,Wrong Number,13
CALL0000314,ACC00126,A002,2024-08-11,8,7,Sunday,Wrong Number,13
CALL0000315,ACC00126,A005,2025-12-01,12,4,Thursday,Contacted,220
CALL0000316,ACC00126,A007,2025-06-07,11,4,Thursday,Wrong Number,6
CALL0000317,ACC00126,A010,2024-09-25,15,6,Saturday,Wrong Number,17
CALL0000318,ACC00127,A009,2025-06-06,19,6,Saturday,Contacted,594
CALL0000319,ACC00127,A004,2024-08-24,8,2,Tuesday,Busy,12
CALL0000320,ACC00128,A010,2024-03-21,18,4,Thursday,Contacted,178
CALL0000321,ACC00128,A010,2024-04-26,17,2,Tuesday,Wrong Number,10
CALL0000322,ACC00128,A003,2024-08-16,12,1,Monday,Wrong Number,23
CALL0000323,ACC00129,A002,2024-03-24,16,2,Tuesday,Voicemail,15
CALL0000324,ACC00129,A001,2025-06-15,11,1,Monday,Contacted,440
CALL0000325,ACC00129,A010,2025-05-06,13,3,Wednesday,Voicemail,26
CALL0000326,ACC00130,A003,2024-10-18,16,3,Wednesday,Voicemail,5
CALL0000327,ACC00130,A006,2024-04-19,15,1,Monday,Wrong Number,25
CALL0000328,ACC00131,A001,2024-12-30,16,1,Monday,No Answer,30
CALL0000329,ACC00131,A004,2025-03-19,9,2,Tuesday,Voicemail,13
CALL0000330,ACC00131,A006,2024-04-06,20,2,Tuesday,Contacted,502
CALL0000331,ACC00131,A007,2024-12-26,15,2,Tuesday,Wrong Number,3
CALL0000332,ACC00131,A010,2025-09-03,12,3,Wednesday,No Answer,2
CALL0000333,ACC00132,A009,2024-08-04,16,5,Friday,No Answer,12
CALL0000334,ACC00132,A008,2024-06-19,17,1,Monday,Contacted,43
CALL0000335,ACC00132,A002,2024-03-19,15,3,Wednesday,Contacted,205
CALL0000336,ACC00132,A004,2025-02-02,11,7,Sunday,No Answer,25
CALL0000337,ACC00133,A010,2025-09-20,19,3,Wednesday,No Answer,9
CALL0000338,ACC00134,A006,2024-09-05,15,2,Tuesday,Contacted,332
CALL0000339,ACC00134,A004,2025-06-12,18,4,Thursday,Contacted,461
CALL0000340,ACC00134,A008,2025-11-27,16,4,Thursday,No Answer,4
CALL0000341,ACC00134,A006,2024-10-12,20,2,Tuesday,Busy,29
CALL0000342,ACC00135,A006,2024-12-16,10,5,Friday,Contacted,218
CALL0000343,ACC00135,A008,2025-07-25,19,1,Monday,Voicemail,26
CALL0000344,ACC00135,A004,2025-03-07,19,6,Saturday,Contacted,216
CALL0000345,ACC00136,A006,2024-02-08,10,4,Thursday,Contacted,297
CALL0000346,ACC00136,A004,2024-09-21,10,2,Tuesday,Voicemail,10
CALL0000347,ACC00137,A010,2025-02-02,11,1,Monday,Contacted,511
CALL0000348,ACC00138,A005,2025-11-08,18,5,Friday,Wrong Number,22
CALL0000349,ACC00138,A001,2025-01-06,19,4,Thursday,Voicemail,29
CALL0000350,ACC00139,A004,2025-09-17,16,2,Tuesday,Contacted,525
CALL0000351,ACC00139,A009,2024-12-02,17,5,Friday,Contacted,440
CALL0000352,ACC00139,A007,2024-03-06,9,2,Tuesday,Wrong Number,6
CALL0000353,ACC00140,A003,2025-05-04,17,1,Monday,Voicemail,0
CALL0000354,ACC00140,A002,2024-11-08,10,2,Tuesday,Contacted,306
CALL0000355,ACC00141,A007,2025-06-21,19,6,Saturday,Contacted,92
CALL0000356,ACC00141,A005,2025-11-20,19,2,Tuesday,Contacted,350
CALL0000357,ACC00141,A005,2024-01-15,9,4,Thursday,Voicemail,9
CALL0000358,ACC00142,A005,2025-07-20,19,2,Tuesday,No Answer,5
CALL0000359,ACC00143,A002,2025-01-11,8,4,Thursday,Voicemail,22
CALL0000360,ACC00144,A001,2025-06-11,15,1,Monday,Contacted,310
CALL0000361,ACC00145,A004,2025-08-12,12,2,Tuesday,No Answer,28
CALL0000362,ACC00145,A006,2025-04-23,8,2,Tuesday,Voicemail,26
CALL0000363,ACC00145,A002,2024-04-05,17,4,Thursday,Busy,12
CALL0000364,ACC00146,A010,2024-03-13,8,2,Tuesday,Voicemail,5
CALL0000365,ACC00146,A007,2025-08-30,20,1,Monday,Busy,15
CALL0000366,ACC00146,A003,2025-01-25,15,5,Friday,Busy,24
CALL0000367,ACC00147,A002,2024-08-27,11,3,Wednesday,No Answer,26
CALL0000368,ACC00147,A010,2025-10-02,18,5,Friday,Contacted,46
CALL0000369,ACC00147,A005,2024-08-24,18,2,Tuesday,Contacted,182
CALL0000370,ACC00149,A005,2024-06-30,16,2,Tuesday,Contacted,236
CALL0000371,ACC00149,A008,2025-11-21,16,4,Thursday,Voicemail,6
CALL0000372,ACC00150,A007,2025-06-23,14,6,Saturday,No Answer,16
CALL0000373,ACC00150,A007,2025-01-05,18,2,Tuesday,Contacted,210
CALL0000374,ACC00151,A006,2024-05-16,16,3,Wednesday,Contacted,239
CALL0000375,ACC00151,A005,2024-01-23,16,3,Wednesday,Voicemail,19
CALL0000376,ACC00151,A010,2025-05-06,19,6,Saturday,Contacted,467
CALL0000377,ACC00151,A006,2025-03-08,12,2,Tuesday,Wrong Number,12
CALL0000378,ACC00153,A003,2025-07-16,16,1,Monday,Voicemail,8
CALL0000379,ACC00153,A010,2025-07-17,15,3,Wednesday,Voicemail,23
CALL0000380,ACC00154,A001,2025-11-13,14,7,Sunday,Voicemail,14
CALL0000381,ACC00154,A007,2025-02-22,17,3,Wednesday,No Answer,27
CALL0000382,ACC00154,A001,2025-08-21,9,6,Saturday,No Answer,2
CALL0000383,ACC00155,A006,2024-08-08,18,2,Tuesday,Wrong Number,3
CALL0000384,ACC00155,A006,2025-02-05,15,3,Wednesday,Voicemail,0
CALL0000385,ACC00155,A008,2024-03-19,16,4,Thursday,No Answer,12
CALL0000386,ACC00155,A005,2025-11-09,12,4,Thursday,Busy,6
CALL0000387,ACC00155,A009,2024-07-31,20,3,Wednesday,Wrong Number,18
CALL0000388,ACC00156,A010,2024-10-11,13,6,Saturday,Wrong Number,13
CALL0000389,ACC00156,A003,2024-08-22,15,2,Tuesday,Contacted,300
CALL0000390,ACC00157,A006,2025-03-21,9,6,Saturday,Busy,28
CALL0000391,ACC00157,A004,2025-04-01,10,7,Sunday,Voicemail,1
CALL0000392,ACC00157,A007,2025-07-05,13,5,Friday,Busy,24
CALL0000393,ACC00158,A005,2024-11-04,16,5,Friday,Busy,16
CALL0000394,ACC00158,A007,2025-08-09,11,5,Friday,No Answer,21
CALL0000395,ACC00158,A001,2024-07-19,13,3,Wednesday,Contacted,116
CALL0000396,ACC00158,A006,2024-03-22,19,1,Monday,Wrong Number,19
CALL0000397,ACC00159,A006,2025-09-17,17,1,Monday,Contacted,545
CALL0000398,ACC00160,A004,2025-05-16,15,4,Thursday,No Answer,28
CALL0000399,ACC00161,A005,2025-02-28,10,7,Sunday,Busy,8
CALL0000400,ACC00161,A010,2025-11-27,12,4,Thursday,Contacted,550
CALL0000401,ACC00162,A004,2024-09-07,11,4,Thursday,Busy,6
CALL0000402,ACC00162,A004,2025-01-14,15,3,Wednesday,No Answer,14
CALL0000403,ACC00163,A007,2025-04-02,12,6,Saturday,Wrong Number,5
CALL0000404,ACC00163,A001,2024-05-19,14,7,Sunday,Voicemail,22
CALL0000405,ACC00163,A008,2025-06-05,17,6,Saturday,Wrong Number,26
CALL0000406,ACC00163,A005,2024-09-28,18,7,Sunday,Voicemail,21
CALL0000407,ACC00164,A004,2024-10-19,19,5,Friday,Contacted,392
CALL0000408,ACC00164,A004,2025-04-01,18,5,Friday,No Answer,30
CALL0000409,ACC00164,A003,2025-05-02,14,3,Wednesday,No Answer,8
CALL0000410,ACC00166,A005,2025-03-07,15,1,Monday,Voicemail,6
CALL0000411,ACC00166,A010,2024-03-31,9,5,Friday,Busy,1
CALL0000412,ACC00166,A001,2025-08-25,9,1,Monday,Voicemail,23
CALL0000413,ACC00166,A005,2025-02-22,14,3,Wednesday,Busy,23
CALL0000414,ACC00167,A004,2024-12-17,11,7,Sunday,Wrong Number,11
CALL0000415,ACC00167,A007,2024-12-16,20,6,Saturday,Busy,30
CALL0000416,ACC00167,A001,2025-03-16,20,4,Thursday,No Answer,27
CALL0000417,ACC00168,A004,2024-01-30,19,4,Thursday,Contacted,91
CALL0000418,ACC00168,A002,2024-11-11,16,5,Friday,Contacted,461
CALL0000419,ACC00169,A002,2025-09-04,15,4,Thursday,Voicemail,2
CALL0000420,ACC00170,A005,2025-11-30,19,4,Thursday,Wrong Number,25
CALL0000421,ACC00170,A007,2025-02-15,15,2,Tuesday,Contacted,489
CALL0000422,ACC00171,A008,2025-06-06,17,4,Thursday,No Answer,8
CALL0000423,ACC00171,A003,2025-08-20,14,5,Friday,Wrong Number,17
CALL0000424,ACC00171,A006,2025-09-20,8,3,Wednesday,Contacted,443
CALL0000425,ACC00171,A003,2025-09-06,16,1,Monday,No Answer,8
CALL0000426,ACC00172,A005,2024-08-25,8,2,Tuesday,Wrong Number,13
CALL0000427,ACC00172,A003,2024-01-18,12,6,Saturday,Wrong Number,5
CALL0000428,ACC00172,A009,2024-03-09,12,3,Wednesday,Contacted,120
CALL0000429,ACC00173,A010,2024-02-03,12,2,Tuesday,Busy,17
CALL0000430,ACC00173,A008,2024-04-02,12,5,Friday,Busy,8
CALL0000431,ACC00174,A005,2024-11-05,18,1,Monday,Contacted,298
CALL0000432,ACC00174,A004,2024-04-15,8,6,Saturday,Busy,29
CALL0000433,ACC00175,A005,2025-05-07,17,6,Saturday,Wrong Number,13
CALL0000434,ACC00175,A006,2025-05-23,15,1,Monday,Contacted,238
CALL0000435,ACC00175,A006,2024-03-19,15,2,Tuesday,Contacted,556
CALL0000436,ACC00176,A010,2025-03-04,18,4,Thursday,Contacted,245
CALL0000437,ACC00177,A010,2025-07-04,13,2,Tuesday,Contacted,593
CALL0000438,ACC00177,A002,2024-12-01,13,4,Thursday,Voicemail,22
CALL0000439,ACC00177,A009,2024-06-23,20,4,Thursday,Voicemail,25
CALL0000440,ACC00177,A004,2024-04-23,14,3,Wednesday,Busy,17
CALL0000441,ACC00178,A001,2024-04-09,16,2,Tuesday,No Answer,17
CALL0000442,ACC00178,A007,2024-02-26,20,7,Sunday,Contacted,294
CALL0000443,ACC00178,A003,2024-07-12,12,5,Friday,Busy,9
CALL0000444,ACC00178,A001,2024-04-15,17,6,Saturday,Busy,24
CALL0000445,ACC00179,A005,2024-04-14,11,4,Thursday,Contacted,227
CALL0000446,ACC00179,A002,2024-04-02,20,2,Tuesday,Busy,7
CALL0000447,ACC00179,A002,2024-12-06,19,3,Wednesday,Contacted,85
CALL0000448,ACC00179,A008,2024-11-24,11,2,Tuesday,Voicemail,0
CALL0000449,ACC00180,A006,2024-03-31,17,1,Monday,Contacted,447
CALL0000450,ACC00180,A007,2025-09-20,16,5,Friday,Contacted,497
CALL0000451,ACC00181,A002,2025-03-18,11,5,Friday,Contacted,340
CALL0000452,ACC00181,A010,2025-07-25,18,2,Tuesday,Busy,13
CALL0000453,ACC00181,A010,2025-09-04,12,1,Monday,No Answer,29
CALL0000454,ACC00182,A007,2024-04-15,8,7,Sunday,Wrong Number,20
CALL0000455,ACC00182,A005,2025-09-22,9,1,Monday,Busy,5
CALL0000456,ACC00182,A009,2024-05-17,18,1,Monday,Wrong Number,26
CALL0000457,ACC00182,A007,2024-05-08,10,1,Monday,Voicemail,29
CALL0000458,ACC00183,A001,2025-01-25,19,4,Thursday,Contacted,179
CALL0000459,ACC00184,A001,2025-10-08,12,4,Thursday,No Answer,23
CALL0000460,ACC00184,A003,2024-01-12,13,2,Tuesday,Voicemail,15
CALL0000461,ACC00185,A001,2025-07-18,17,1,Monday,Contacted,179
CALL0000462,ACC00185,A006,2024-02-17,20,4,Thursday,Voicemail,17
CALL0000463,ACC00185,A002,2025-09-22,15,1,Monday,Wrong Number,30
CALL0000464,ACC00186,A009,2024-12-24,9,3,Wednesday,No Answer,10
CALL0000465,ACC00187,A007,2025-10-19,8,7,Sunday,Wrong Number,0
CALL0000466,ACC00187,A001,2024-02-14,12,1,Monday,Busy,8
CALL0000467,ACC00187,A007,2025-03-04,18,6,Saturday,Voicemail,14
CALL0000468,ACC00187,A002,2025-09-13,20,1,Monday,Voicemail,27
CALL0000469,ACC00188,A001,2025-08-21,15,3,Wednesday,Voicemail,6
CALL0000470,ACC00188,A003,2024-04-06,19,3,Wednesday,Wrong Number,25
CALL0000471,ACC00188,A007,2024-08-13,16,3,Wednesday,Wrong Number,23
CALL0000472,ACC00189,A007,2025-09-20,17,2,Tuesday,Contacted,83
CALL0000473,ACC00189,A002,2025-10-24,10,6,Saturday,No Answer,28
CALL0000474,ACC00190,A008,2024-07-17,16,1,Monday,Contacted,313
CALL0000475,ACC00190,A004,2024-03-22,18,4,Thursday,Contacted,47
CALL0000476,ACC00190,A010,2024-12-03,10,5,Friday,Contacted,563
CALL0000477,ACC00190,A002,2024-11-26,18,4,Thursday,Voicemail,9
CALL0000478,ACC00190,A006,2025-08-26,17,1,Monday,No Answer,30
CALL0000479,ACC00191,A007,2025-03-27,10,2,Tuesday,No Answer,30
CALL0000480,ACC00192,A007,2025-10-16,9,4,Thursday,Busy,21
CALL0000481,ACC00192,A009,2025-05-20,8,4,Thursday,Wrong Number,26
CALL0000482,ACC00193,A003,2025-02-27,19,3,Wednesday,Busy,18
CALL0000483,ACC00193,A003,2025-01-11,18,7,Sunday,Busy,27
CALL0000484,ACC00193,A004,2025-06-22,19,5,Friday,No Answer,16
CALL0000485,ACC00194,A009,2025-01-17,11,3,Wednesday,Voicemail,13
CALL0000486,ACC00195,A001,2025-11-28,20,3,Wednesday,Wrong Number,16
CALL0000487,ACC00195,A005,2025-09-17,20,2,Tuesday,Busy,15
CALL0000488,ACC00195,A004,2024-10-14,16,6,Saturday,Busy,2
CALL0000489,ACC00196,A003,2024-07-24,9,3,Wednesday,Voicemail,19
CALL0000490,ACC00196,A005,2025-05-30,17,3,Wednesday,Wrong Number,30
CALL0000491,ACC00197,A008,2024-03-06,17,2,Tuesday,Busy,13
CALL0000492,ACC00198,A005,2024-05-03,19,4,Thursday,Wrong Number,13
CALL0000493,ACC00198,A002,2024-12-08,11,4,Thursday,Contacted,355
CALL0000494,ACC00199,A010,2025-10-18,15,6,Saturday,Wrong Number,16
CALL0000495,ACC00199,A004,2025-03-13,11,5,Friday,No Answer,18
CALL0000496,ACC00199,A007,2024-12-25,18,5,Friday,Contacted,142
CALL0000497,ACC00200,A005,2024-02-08,9,5,Friday,Busy,5
CALL0000498,ACC00200,A010,2024-05-28,10,2,Tuesday,Busy,9
CALL0000499,ACC00200,A005,2024-06-20,15,3,Wednesday,Contacted,562
CALL0000500,ACC00201,A001,2024-02-20,20,5,Friday,No Answer,8
CALL0000501,ACC00201,A004,2024-07-27,11,2,Tuesday,Contacted,371
CALL0000502,ACC00202,A006,2024-09-04,14,6,Saturday,Wrong Number,3
CALL0000503,ACC00202,A010,2024-11-30,12,3,Wednesday,Contacted,280
CALL0000504,ACC00203,A007,2025-02-06,9,6,Saturday,Voicemail,29
CALL0000505,ACC00204,A007,2024-05-21,15,1,Monday,Contacted,241
CALL0000506,ACC00204,A009,2024-11-02,17,1,Monday,Busy,22
CALL0000507,ACC00204,A009,2024-12-23,14,5,Friday,Busy,25
CALL0000508,ACC00205,A004,2024-02-13,10,1,Monday,Voicemail,10
CALL0000509,ACC00205,A006,2025-07-24,11,1,Monday,Voicemail,27
CALL0000510,ACC00206,A010,2024-04-01,19,3,Wednesday,Contacted,252
CALL0000511,ACC00206,A008,2025-01-14,14,4,Thursday,Wrong Number,0
CALL0000512,ACC00207,A010,2024-01-23,19,6,Saturday,Contacted,132
CALL0000513,ACC00207,A005,2025-05-31,9,3,Wednesday,Busy,18
CALL0000514,ACC00207,A002,2024-11-02,9,2,Tuesday,Voicemail,6
CALL0000515,ACC00208,A006,2024-10-09,17,2,Tuesday,Busy,16
CALL0000516,ACC00208,A006,2025-11-09,16,2,Tuesday,Voicemail,12
CALL0000517,ACC00209,A004,2024-02-07,15,3,Wednesday,Contacted,299
CALL0000518,ACC00209,A008,2025-10-15,19,2,Tuesday,Wrong Number,21
CALL0000519,ACC00209,A001,2024-04-14,13,3,Wednesday,Busy,23
CALL0000520,ACC00210,A004,2024-09-29,18,6,Saturday,Contacted,444
CALL0000521,ACC00210,A008,2024-11-01,19,3,Wednesday,Contacted,504
CALL0000522,ACC00210,A005,2024-05-07,20,5,Friday,Contacted,371
CALL0000523,ACC00210,A004,2025-04-18,15,2,Tuesday,Contacted,299
CALL0000524,ACC00211,A006,2025-11-06,12,4,Thursday,Contacted,390
CALL0000525,ACC00211,A006,2025-04-24,20,3,Wednesday,Contacted,258
CALL0000526,ACC00211,A009,2024-10-03,17,5,Friday,No Answer,12
CALL0000527,ACC00212,A003,2025-10-26,14,2,Tuesday,Busy,7
CALL0000528,ACC00212,A010,2025-07-03,14,3,Wednesday,Voicemail,15
CALL0000529,ACC00213,A003,2025-05-14,13,4,Thursday,Wrong Number,1
CALL0000530,ACC00213,A003,2025-06-27,18,2,Tuesday,Busy,13
CALL0000531,ACC00214,A001,2025-11-01,18,4,Thursday,Contacted,337
CALL0000532,ACC00215,A008,2024-09-14,14,4,Thursday,No Answer,8
CALL0000533,ACC00215,A002,2025-11-16,16,5,Friday,Busy,9
CALL0000534,ACC00216,A005,2024-11-23,16,7,Sunday,Busy,15
CALL0000535,ACC00216,A004,2025-01-16,17,3,Wednesday,Contacted,56
CALL0000536,ACC00216,A010,2025-09-15,18,1,Monday,Contacted,386
CALL0000537,ACC00217,A007,2025-11-05,19,5,Friday,No Answer,30
CALL0000538,ACC00217,A007,2025-04-16,16,4,Thursday,Wrong Number,17
CALL0000539,ACC00217,A007,2025-09-03,11,4,Thursday,Contacted,130
CALL0000540,ACC00218,A009,2024-06-08,10,5,Friday,Busy,21
CALL0000541,ACC00218,A007,2025-08-22,15,3,Wednesday,Contacted,232
CALL0000542,ACC00218,A009,2025-05-13,20,3,Wednesday,Voicemail,22
CALL0000543,ACC00218,A009,2025-08-31,14,3,Wednesday,Busy,17
CALL0000544,ACC00219,A004,2024-03-28,20,2,Tuesday,No Answer,24
CALL0000545,ACC00220,A008,2024-03-17,12,1,Monday,Voicemail,5
CALL0000546,ACC00220,A008,2025-10-12,12,4,Thursday,Busy,10
CALL0000547,ACC00220,A001,2025-08-04,14,5,Friday,Voicemail,16
CALL0000548,ACC00221,A006,2025-11-14,8,1,Monday,Busy,25
CALL0000549,ACC00222,A009,2025-03-23,19,4,Thursday,Contacted,55
CALL0000550,ACC00222,A008,2024-06-27,20,3,Wednesday,Wrong Number,7
CALL0000551,ACC00222,A009,2025-08-28,20,5,Friday,Busy,28
CALL0000552,ACC00223,A003,2025-06-19,14,7,Sunday,Contacted,159
CALL0000553,ACC00223,A006,2024-07-19,18,2,Tuesday,Contacted,200
CALL0000554,ACC00223,A009,2024-06-11,18,1,Monday,Contacted,530
CALL0000555,ACC00223,A007,2025-08-04,18,1,Monday,Contacted,343
CALL0000556,ACC00224,A006,2024-11-22,15,2,Tuesday,Wrong Number,29
CALL0000557,ACC00224,A002,2024-08-07,11,5,Friday,Contacted,323
CALL0000558,ACC00224,A004,2024-04-22,16,5,Friday,Voicemail,2
CALL0000559,ACC00224,A001,2025-01-26,19,2,Tuesday,Voicemail,4
CALL0000560,ACC00224,A007,2024-07-30,16,4,Thursday,Busy,14
CALL0000561,ACC00225,A007,2024-04-12,16,6,Saturday,No Answer,8
CALL0000562,ACC00225,A004,2025-11-17,10,1,Monday,Contacted,564
CALL0000563,ACC00226,A008,2024-11-27,12,1,Monday,Contacted,219
CALL0000564,ACC00227,A007,2024-07-31,19,1,Monday,Contacted,523
CALL0000565,ACC00228,A008,2025-04-24,19,1,Monday,Wrong Number,21
CALL0000566,ACC00228,A010,2025-03-21,10,4,Thursday,Wrong Number,4
CALL0000567,ACC00228,A007,2025-01-17,8,3,Wednesday,No Answer,20
CALL0000568,ACC00228,A009,2024-07-08,20,4,Thursday,Contacted,588
CALL0000569,ACC00229,A010,2025-02-08,16,4,Thursday,Contacted,429
CALL0000570,ACC00229,A005,2024-08-15,9,6,Saturday,Wrong Number,27
CALL0000571,ACC00229,A002,2025-11-01,13,3,Wednesday,Wrong Number,9
CALL0000572,ACC00229,A010,2025-08-25,17,3,Wednesday,Contacted,266
CALL0000573,ACC00230,A010,2025-01-31,18,2,Tuesday,No Answer,30
CALL0000574,ACC00230,A010,2025-05-13,17,2,Tuesday,Contacted,147
CALL0000575,ACC00230,A009,2025-04-06,17,1,Monday,Contacted,412
CALL0000576,ACC00231,A001,2024-07-11,14,4,Thursday,Wrong Number,30
CALL0000577,ACC00231,A010,2025-04-18,12,1,Monday,Busy,2
CALL0000578,ACC00231,A003,2024-09-11,17,3,Wednesday,Contacted,379
CALL0000579,ACC00232,A009,2024-01-04,10,1,Monday,No Answer,17
CALL0000580,ACC00232,A004,2025-04-11,14,2,Tuesday,Contacted,267
CALL0000581,ACC00233,A010,2025-01-11,16,5,Friday,Busy,21
CALL0000582,ACC00233,A002,2025-10-16,9,3,Wednesday,Voicemail,27
CALL0000583,ACC00233,A006,2025-05-06,12,6,Saturday,Busy,24
CALL0000584,ACC00234,A009,2024-06-15,18,2,Tuesday,No Answer,4
CALL0000585,ACC00235,A010,2024-03-29,16,3,Wednesday,Wrong Number,18
CALL0000586,ACC00237,A001,2025-09-09,15,3,Wednesday,Wrong Number,22
CALL0000587,ACC00238,A002,2024-12-19,14,3,Wednesday,Contacted,340
CALL0000588,ACC00239,A009,2025-01-26,8,1,Monday,Busy,24
CALL0000589,ACC00240,A008,2024-08-01,11,3,Wednesday,Contacted,600
CALL0000590,ACC00240,A007,2025-02-17,15,6,Saturday,No Answer,0
CALL0000591,ACC00240,A004,2024-10-13,11,3,Wednesday,Wrong Number,21
CALL0000592,ACC00241,A003,2025-10-16,18,5,Friday,Contacted,261
CALL0000593,ACC00241,A008,2024-09-27,16,3,Wednesday,Wrong Number,10
CALL0000594,ACC00241,A005,2024-09-27,20,3,Wednesday,Voicemail,17
CALL0000595,ACC00241,A004,2025-06-30,19,4,Thursday,Wrong Number,23
CALL0000596,ACC00242,A005,2025-07-08,9,3,Wednesday,Contacted,379
CALL0000597,ACC00242,A010,2024-06-15,15,3,Wednesday,Voicemail,26
CALL0000598,ACC00242,A001,2024-11-02,18,3,Wednesday,Contacted,140
CALL0000599,ACC00242,A005,2025-05-10,20,4,Thursday,Wrong Number,11
CALL0000600,ACC00243,A003,2024-12-25,14,3,Wednesday,Wrong Number,4
CALL0000601,ACC00243,A001,2025-01-31,17,2,Tuesday,Voicemail,30
CALL0000602,ACC00243,A009,2024-07-27,16,4,Thursday,Contacted,419
CALL0000603,ACC00244,A007,2025-03-02,8,3,Wednesday,Busy,29
CALL0000604,ACC00244,A010,2024-03-10,11,1,Monday,Wrong Number,1
CALL0000605,ACC00244,A001,2025-03-29,19,6,Saturday,Voicemail,14
CALL0000606,ACC00244,A004,2025-10-31,11,4,Thursday,Busy,12
CALL0000607,ACC00245,A002,2025-08-26,11,5,Friday,Wrong Number,2
CALL0000608,ACC00245,A009,2024-02-26,20,5,Friday,No Answer,4
CALL0000609,ACC00246,A004,2024-06-25,11,5,Friday,Busy,9
CALL0000610,ACC00246,A003,2024-06-16,11,5,Friday,No Answer,25
CALL0000611,ACC00246,A001,2024-08-08,17,6,Saturday,Contacted,418
CALL0000612,ACC00247,A004,2024-01-29,19,7,Sunday,Voicemail,22
CALL0000613,ACC00247,A004,2025-11-27,19,3,Wednesday,Contacted,163
CALL0000614,ACC00247,A005,2024-12-15,15,6,Saturday,Busy,19
CALL0000615,ACC00248,A007,2025-06-01,13,3,Wednesday,No Answer,25
CALL0000616,ACC00249,A008,2024-09-28,12,6,Saturday,Voicemail,17
CALL0000617,ACC00249,A003,2024-12-14,11,1,Monday,No Answer,8
CALL0000618,ACC00249,A006,2025-01-05,13,2,Tuesday,Contacted,36
CALL0000619,ACC00249,A006,2024-09-10,20,3,Wednesday,Busy,11
CALL0000620,ACC00250,A007,2025-05-06,16,7,Sunday,Wrong Number,17
CALL0000621,ACC00250,A002,2024-01-29,17,1,Monday,Busy,5
CALL0000622,ACC00250,A010,2024-09-12,19,6,Saturday,Contacted,125
CALL0000623,ACC00250,A008,2024-11-29,16,7,Sunday,Busy,17
CALL0000624,ACC00251,A003,2025-05-10,10,6,Saturday,No Answer,8
CALL0000625,ACC00251,A008,2024-11-13,16,5,Friday,Contacted,145
CALL0000626,ACC00251,A004,2025-11-13,16,2,Tuesday,Contacted,38
CALL0000627,ACC00252,A002,2024-07-06,16,4,Thursday,No Answer,10
CALL0000628,ACC00253,A001,2024-07-02,16,2,Tuesday,Busy,30
CALL0000629,ACC00253,A008,2024-05-30,17,5,Friday,No Answer,2
CALL0000630,ACC00253,A009,2025-01-04,12,7,Sunday,Contacted,312
CALL0000631,ACC00254,A007,2024-05-20,17,5,Friday,Contacted,305
CALL0000632,ACC00254,A002,2025-03-01,10,3,Wednesday,No Answer,24
CALL0000633,ACC00255,A001,2025-02-19,17,4,Thursday,Contacted,204
CALL0000634,ACC00255,A009,2024-08-23,19,3,Wednesday,Voicemail,9
CALL0000635,ACC00256,A004,2024-07-12,11,4,Thursday,Wrong Number,4
CALL0000636,ACC00256,A002,2025-07-22,11,4,Thursday,Wrong Number,1
CALL0000637,ACC00256,A008,2024-09-22,13,7,Sunday,Busy,12
CALL0000638,ACC00256,A008,2024-03-18,12,5,Friday,No Answer,19
CALL0000639,ACC00258,A003,2024-04-19,16,4,Thursday,Wrong Number,21
CALL0000640,ACC00258,A009,2024-01-29,17,3,Wednesday,No Answer,3
CALL0000641,ACC00259,A001,2024-12-27,10,2,Tuesday,Contacted,490
CALL0000642,ACC00260,A003,2025-08-12,17,2,Tuesday,Voicemail,16
CALL0000643,ACC00260,A006,2025-08-30,19,3,Wednesday,Voicemail,29
CALL0000644,ACC00260,A005,2024-05-07,9,6,Saturday,Wrong Number,2
CALL0000645,ACC00260,A008,2025-09-07,10,1,Monday,Voicemail,26
CALL0000646,ACC00261,A008,2024-04-23,20,7,Sunday,Voicemail,17
CALL0000647,ACC00261,A009,2024-08-31,16,2,Tuesday,Contacted,111
CALL0000648,ACC00262,A008,2024-08-31,17,2,Tuesday,Wrong Number,23
CALL0000649,ACC00262,A003,2024-08-29,18,4,Thursday,Wrong Number,15
CALL0000650,ACC00262,A005,2024-09-21,12,4,Thursday,Contacted,380
CALL0000651,ACC00262,A006,2025-09-29,19,4,Thursday,Contacted,415
CALL0000652,ACC00263,A009,2024-12-11,19,5,Friday,Busy,28
CALL0000653,ACC00263,A004,2025-11-23,17,6,Saturday,No Answer,24
CALL0000654,ACC00264,A010,2025-06-30,17,4,Thursday,Contacted,512
CALL0000655,ACC00264,A010,2025-03-04,20,4,Thursday,Voicemail,0
CALL0000656,ACC00265,A007,2024-12-28,15,3,Wednesday,Contacted,201
CALL0000657,ACC00266,A004,2024-05-21,10,2,Tuesday,Contacted,63
CALL0000658,ACC00266,A005,2025-02-26,18,2,Tuesday,No Answer,22
CALL0000659,ACC00267,A004,2025-10-06,20,6,Saturday,Busy,14
CALL0000660,ACC00267,A005,2024-04-21,20,1,Monday,Busy,12
CALL0000661,ACC00267,A001,2024-03-08,12,7,Sunday,No Answer,28
CALL0000662,ACC00267,A006,2025-10-11,9,2,Tuesday,Busy,6
CALL0000663,ACC00268,A004,2024-10-06,15,2,Tuesday,Contacted,581
CALL0000664,ACC00268,A008,2025-10-24,18,4,Thursday,Wrong Number,25
CALL0000665,ACC00268,A007,2024-03-25,20,2,Tuesday,Busy,5
CALL0000666,ACC00269,A001,2024-06-16,18,3,Wednesday,Wrong Number,10
CALL0000667,ACC00269,A001,2024-02-13,18,1,Monday,No Answer,22
CALL0000668,ACC00269,A005,2025-03-18,12,3,Wednesday,Contacted,349
CALL0000669,ACC00270,A001,2025-05-30,15,6,Saturday,Voicemail,8
CALL0000670,ACC00271,A003,2024-10-17,11,2,Tuesday,Wrong Number,19
CALL0000671,ACC00271,A010,2024-03-03,18,3,Wednesday,Contacted,304
CALL0000672,ACC00271,A010,2024-08-18,17,2,Tuesday,Contacted,439
CALL0000673,ACC00273,A009,2024-08-05,18,5,Friday,Voicemail,5
CALL0000674,ACC00273,A009,2025-04-25,16,2,Tuesday,Busy,26
CALL0000675,ACC00274,A004,2024-08-14,11,7,Sunday,Voicemail,7
CALL0000676,ACC00275,A008,2024-08-23,15,1,Monday,Contacted,330
CALL0000677,ACC00276,A003,2024-01-23,17,4,Thursday,Contacted,499
CALL0000678,ACC00276,A007,2024-02-26,11,3,Wednesday,Contacted,104
CALL0000679,ACC00276,A002,2024-02-19,10,5,Friday,No Answer,15
CALL0000680,ACC00276,A010,2025-01-09,20,3,Wednesday,No Answer,25
CALL0000681,ACC00277,A005,2024-09-30,17,5,Friday,Contacted,185
CALL0000682,ACC00277,A006,2024-12-15,14,1,Monday,Busy,11
CALL0000683,ACC00277,A008,2024-03-30,10,2,Tuesday,No Answer,30
CALL0000684,ACC00277,A001,2025-06-13,9,1,Monday,Voicemail,28
CALL0000685,ACC00277,A002,2024-12-23,18,2,Tuesday,Voicemail,29
CALL0000686,ACC00278,A008,2025-04-26,10,5,Friday,Voicemail,11
CALL0000687,ACC00278,A009,2024-05-04,19,3,Wednesday,Busy,30
CALL0000688,ACC00278,A007,2025-10-08,17,7,Sunday,No Answer,26
CALL0000689,ACC00279,A007,2025-02-24,10,6,Saturday,Voicemail,28
CALL0000690,ACC00280,A001,2024-05-14,8,5,Friday,No Answer,10
CALL0000691,ACC00281,A007,2024-02-26,12,4,Thursday,Voicemail,21
CALL0000692,ACC00281,A007,2025-09-01,15,6,Saturday,Busy,22
CALL0000693,ACC00283,A005,2024-02-13,18,4,Thursday,Contacted,110
CALL0000694,ACC00283,A009,2025-03-03,18,6,Saturday,Busy,15
CALL0000695,ACC00283,A007,2025-06-21,15,1,Monday,No Answer,8
CALL0000696,ACC00283,A009,2025-11-03,10,7,Sunday,No Answer,13
CALL0000697,ACC00284,A007,2025-07-02,18,1,Monday,Voicemail,29
CALL0000698,ACC00284,A006,2025-09-02,9,3,Wednesday,Contacted,420
CALL0000699,ACC00285,A008,2025-07-24,16,2,Tuesday,No Answer,0
CALL0000700,ACC00285,A002,2024-06-08,17,2,Tuesday,Contacted,597
CALL0000701,ACC00285,A004,2025-11-20,17,6,Saturday,Busy,14
CALL0000702,ACC00285,A009,2024-12-26,14,1,Monday,No Answer,30
CALL0000703,ACC00285,A005,2024-08-15,9,3,Wednesday,Voicemail,3
CALL0000704,ACC00286,A007,2024-10-17,16,2,Tuesday,No Answer,8
CALL0000705,ACC00286,A006,2025-05-07,12,1,Monday,Wrong Number,14
CALL0000706,ACC00287,A005,2025-07-28,13,3,Wednesday,Contacted,465
CALL0000707,ACC00288,A005,2024-02-16,13,4,Thursday,Wrong Number,6
CALL0000708,ACC00288,A004,2024-09-11,19,1,Monday,Contacted,479
CALL0000709,ACC00289,A006,2024-05-30,8,1,Monday,Voicemail,13
CALL0000710,ACC00289,A004,2024-08-07,11,3,Wednesday,Busy,0
CALL0000711,ACC00289,A007,2024-04-11,14,5,Friday,Busy,26
CALL0000712,ACC00290,A003,2024-10-16,16,5,Friday,Contacted,135
CALL0000713,ACC00291,A001,2024-02-28,10,3,Wednesday,Voicemail,10
CALL0000714,ACC00291,A001,2025-11-04,9,3,Wednesday,No Answer,16
CALL0000715,ACC00292,A008,2025-08-23,19,6,Saturday,Wrong Number,12
CALL0000716,ACC00292,A007,2024-08-30,16,3,Wednesday,Contacted,129
CALL0000717,ACC00292,A004,2024-08-07,8,5,Friday,Busy,16
CALL0000718,ACC00293,A010,2024-03-01,8,4,Thursday,Voicemail,5
CALL0000719,ACC00293,A002,2024-11-10,17,2,Tuesday,Contacted,314
CALL0000720,ACC00293,A007,2025-03-24,20,4,Thursday,Voicemail,8
CALL0000721,ACC00294,A009,2024-06-05,15,4,Thursday,Contacted,132
CALL0000722,ACC00294,A006,2025-09-12,18,2,Tuesday,Contacted,493
CALL0000723,ACC00294,A003,2025-10-09,14,1,Monday,Contacted,68
CALL0000724,ACC00295,A006,2024-10-20,8,3,Wednesday,No Answer,5
CALL0000725,ACC00296,A009,2025-01-12,16,5,Friday,No Answer,29
CALL0000726,ACC00297,A007,2024-06-18,18,4,Thursday,Voicemail,2
CALL0000727,ACC00297,A010,2025-02-16,15,5,Friday,Busy,6
CALL0000728,ACC00297,A010,2024-05-10,15,4,Thursday,Wrong Number,20
CALL0000729,ACC00297,A006,2024-02-04,16,3,Wednesday,Contacted,114
CALL0000730,ACC00298,A005,2025-02-04,17,6,Saturday,Voicemail,9
CALL0000731,ACC00299,A009,2024-05-28,10,7,Sunday,Busy,8
CALL0000732,ACC00300,A002,2025-02-06,11,1,Monday,Busy,14
CALL0000733,ACC00300,A009,2024-11-03,14,2,Tuesday,Contacted,142
CALL0000734,ACC00302,A002,2025-11-26,14,4,Thursday,Contacted,299
CALL0000735,ACC00303,A005,2024-09-11,17,3,Wednesday,Contacted,55
CALL0000736,ACC00303,A002,2025-04-10,20,5,Friday,No Answer,26
CALL0000737,ACC00303,A010,2025-08-17,18,4,Thursday,Wrong Number,30
CALL0000738,ACC00304,A002,2024-11-07,18,3,Wednesday,Busy,9
CALL0000739,ACC00305,A009,2024-08-13,12,2,Tuesday,Contacted,101
CALL0000740,ACC00305,A001,2024-04-16,10,6,Saturday,No Answer,9
CALL0000741,ACC00305,A002,2024-12-16,19,5,Friday,Contacted,352
CALL0000742,ACC00305,A001,2025-03-31,19,5,Friday,Contacted,491
CALL0000743,ACC00305,A007,2025-05-29,13,1,Monday,No Answer,25
CALL0000744,ACC00306,A004,2024-10-30,17,4,Thursday,No Answer,0
CALL0000745,ACC00306,A006,2024-04-17,12,5,Friday,Wrong Number,8
CALL0000746,ACC00307,A001,2024-06-05,15,4,Thursday,Voicemail,25
CALL0000747,ACC00307,A005,2025-04-10,18,1,Monday,Contacted,490
CALL0000748,ACC00308,A004,2025-10-04,16,6,Saturday,No Answer,19
CALL0000749,ACC00308,A002,2024-09-09,16,5,Friday,Contacted,325
CALL0000750,ACC00309,A001,2025-10-07,14,2,Tuesday,Contacted,424
CALL0000751,ACC00310,A009,2025-03-12,18,3,Wednesday,Contacted,96
CALL0000752,ACC00312,A009,2025-02-10,11,5,Friday,Contacted,57
CALL0000753,ACC00312,A006,2025-09-09,14,3,Wednesday,No Answer,5
CALL0000754,ACC00313,A005,2024-02-08,14,2,Tuesday,Contacted,481
CALL0000755,ACC00314,A005,2025-02-13,15,2,Tuesday,Voicemail,16
CALL0000756,ACC00314,A002,2025-06-13,9,1,Monday,Wrong Number,25
CALL0000757,ACC00314,A002,2024-01-26,20,6,Saturday,Wrong Number,0
CALL0000758,ACC00314,A010,2025-03-31,15,7,Sunday,Wrong Number,10
CALL0000759,ACC00314,A009,2024-11-13,16,5,Friday,No Answer,14
CALL0000760,ACC00315,A005,2024-03-16,15,4,Thursday,No Answer,1
CALL0000761,ACC00316,A006,2024-06-23,19,2,Tuesday,Contacted,395
CALL0000762,ACC00316,A005,2025-08-29,15,2,Tuesday,Contacted,561
CALL0000763,ACC00316,A003,2025-11-10,16,3,Wednesday,Voicemail,11
CALL0000764,ACC00317,A004,2024-04-21,15,5,Friday,Busy,11
CALL0000765,ACC00318,A007,2024-02-26,12,5,Friday,Busy,12
CALL0000766,ACC00318,A008,2024-12-22,11,3,Wednesday,Contacted,519
CALL0000767,ACC00318,A007,2024-08-29,10,3,Wednesday,Voicemail,24
CALL0000768,ACC00318,A009,2024-06-07,12,4,Thursday,Busy,25
CALL0000769,ACC00319,A008,2025-06-22,14,3,Wednesday,Busy,27
CALL0000770,ACC00319,A002,2025-11-05,18,4,Thursday,Voicemail,22
CALL0000771,ACC00319,A010,2024-09-04,12,2,Tuesday,Contacted,523
CALL0000772,ACC00319,A009,2025-02-03,15,1,Monday,Contacted,402
CALL0000773,ACC00320,A002,2025-05-04,19,6,Saturday,Busy,3
CALL0000774,ACC00320,A006,2025-02-01,10,1,Monday,Busy,29
CALL0000775,ACC00320,A002,2024-09-26,14,3,Wednesday,Wrong Number,0
CALL0000776,ACC00321,A004,2025-11-09,20,4,Thursday,No Answer,27
CALL0000777,ACC00321,A009,2025-09-05,18,2,Tuesday,Contacted,131
CALL0000778,ACC00321,A003,2025-02-08,14,5,Friday,Voicemail,10
CALL0000779,ACC00321,A007,2025-09-10,19,4,Thursday,Contacted,207
CALL0000780,ACC00322,A001,2024-01-08,9,1,Monday,No Answer,21
CALL0000781,ACC00322,A004,2024-03-26,18,3,Wednesday,Contacted,500
CALL0000782,ACC00322,A002,2025-07-29,12,2,Tuesday,No Answer,4
CALL0000783,ACC00322,A004,2024-08-24,8,5,Friday,Busy,20
CALL0000784,ACC00322,A009,2025-06-27,19,5,Friday,Contacted,82
CALL0000785,ACC00323,A005,2025-05-04,10,5,Friday,Contacted,92
CALL0000786,ACC00323,A004,2025-11-12,12,1,Monday,Wrong Number,30
CALL0000787,ACC00323,A007,2025-10-05,20,6,Saturday,Voicemail,23
CALL0000788,ACC00323,A009,2024-03-12,16,1,Monday,Contacted,573
CALL0000789,ACC00324,A005,2024-05-23,8,2,Tuesday,Contacted,437
CALL0000790,ACC00325,A001,2025-01-28,9,4,Thursday,Busy,26
CALL0000791,ACC00326,A009,2025-02-27,12,1,Monday,Busy,13
CALL0000792,ACC00327,A001,2025-10-02,16,1,Monday,Wrong Number,8
CALL0000793,ACC00328,A003,2024-05-30,11,4,Thursday,Contacted,263
CALL0000794,ACC00328,A008,2024-12-17,10,6,Saturday,Contacted,441
CALL0000795,ACC00328,A010,2024-04-14,11,6,Saturday,Voicemail,19
CALL0000796,ACC00328,A010,2025-08-04,13,6,Saturday,Voicemail,5
CALL0000797,ACC00329,A007,2024-09-20,12,5,Friday,Busy,25
CALL0000798,ACC00329,A005,2025-07-09,15,1,Monday,No Answer,2
CALL0000799,ACC00330,A001,2024-08-15,11,3,Wednesday,Contacted,562
CALL0000800,ACC00330,A006,2024-11-24,16,3,Wednesday,Voicemail,22
CALL0000801,ACC00330,A003,2025-08-31,17,5,Friday,Contacted,427
CALL0000802,ACC00331,A010,2025-06-27,15,4,Thursday,Contacted,394
CALL0000803,ACC00331,A004,2024-04-10,17,1,Monday,Wrong Number,30
CALL0000804,ACC00331,A001,2025-04-24,10,3,Wednesday,Wrong Number,12
CALL0000805,ACC00332,A010,2024-07-13,13,2,Tuesday,No Answer,5
CALL0000806,ACC00333,A008,2025-11-04,17,4,Thursday,Busy,23
CALL0000807,ACC00333,A006,2025-08-07,11,6,Saturday,Voicemail,24
CALL0000808,ACC00334,A002,2025-10-20,18,2,Tuesday,Contacted,117
CALL0000809,ACC00335,A009,2025-11-22,11,3,Wednesday,No Answer,6
CALL0000810,ACC00336,A003,2024-12-29,14,4,Thursday,No Answer,3
CALL0000811,ACC00336,A001,2025-01-08,20,2,Tuesday,Busy,6
CALL0000812,ACC00337,A003,2025-07-10,9,3,Wednesday,Contacted,550
CALL0000813,ACC00337,A008,2025-08-14,20,4,Thursday,Busy,16
CALL0000814,ACC00337,A001,2024-08-16,20,6,Saturday,Contacted,143
CALL0000815,ACC00338,A004,2025-11-30,18,4,Thursday,Contacted,481
CALL0000816,ACC00338,A003,2025-03-13,20,5,Friday,Contacted,387
CALL0000817,ACC00338,A001,2024-07-07,8,1,Monday,Contacted,489
CALL0000818,ACC00338,A007,2025-07-17,12,4,Thursday,Contacted,101
CALL0000819,ACC00339,A007,2024-06-13,15,5,Friday,Busy,20
CALL0000820,ACC00339,A002,2024-11-30,9,4,Thursday,Voicemail,10
CALL0000821,ACC00339,A001,2025-12-01,17,1,Monday,Contacted,112
CALL0000822,ACC00340,A003,2025-09-25,12,4,Thursday,Contacted,161
CALL0000823,ACC00340,A007,2025-03-15,19,2,Tuesday,Contacted,244
CALL0000824,ACC00342,A004,2024-05-12,11,1,Monday,Busy,0
CALL0000825,ACC00342,A008,2025-11-16,12,1,Monday,Voicemail,6
CALL0000826,ACC00343,A009,2024-07-28,16,7,Sunday,Busy,27
CALL0000827,ACC00343,A002,2024-01-31,19,1,Monday,Wrong Number,7
CALL0000828,ACC00344,A004,2025-03-12,17,6,Saturday,Voicemail,0
CALL0000829,ACC00344,A002,2024-07-30,19,2,Tuesday,Contacted,288
CALL0000830,ACC00345,A009,2025-02-02,10,3,Wednesday,No Answer,0
CALL0000831,ACC00345,A002,2024-10-21,12,5,Friday,No Answer,10
CALL0000832,ACC00345,A001,2025-05-16,14,1,Monday,Busy,16
CALL0000833,ACC00345,A001,2025-08-23,10,1,Monday,Voicemail,26
CALL0000834,ACC00346,A006,2025-02-21,17,7,Sunday,Busy,3
CALL0000835,ACC00346,A009,2024-06-15,17,3,Wednesday,Busy,4
CALL0000836,ACC00346,A008,2024-02-19,13,6,Saturday,Wrong Number,20
CALL0000837,ACC00347,A008,2024-08-28,13,2,Tuesday,Contacted,343
CALL0000838,ACC00347,A006,2025-02-18,11,3,Wednesday,Busy,19
CALL0000839,ACC00347,A006,2024-02-17,18,1,Monday,Busy,26
CALL0000840,ACC00348,A001,2025-03-21,19,3,Wednesday,Busy,12
CALL0000841,ACC00348,A001,2024-08-14,9,3,Wednesday,No Answer,7
CALL0000842,ACC00349,A010,2025-01-02,18,4,Thursday,No Answer,22
CALL0000843,ACC00349,A003,2025-04-27,10,4,Thursday,Contacted,346
CALL0000844,ACC00350,A006,2024-08-13,14,5,Friday,Voicemail,21
CALL0000845,ACC00351,A006,2024-07-04,9,5,Friday,Wrong Number,14
CALL0000846,ACC00351,A004,2025-03-31,15,4,Thursday,No Answer,21
CALL0000847,ACC00351,A006,2025-04-04,20,5,Friday,Contacted,342
CALL0000848,ACC00352,A007,2024-05-26,15,2,Tuesday,No Answer,2
CALL0000849,ACC00352,A001,2024-01-01,16,7,Sunday,Wrong Number,29
CALL0000850,ACC00353,A004,2024-04-21,19,4,Thursday,Busy,3
CALL0000851,ACC00353,A009,2024-07-25,14,4,Thursday,No Answer,0
CALL0000852,ACC00353,A009,2024-07-19,12,3,Wednesday,Busy,21
CALL0000853,ACC00354,A005,2025-06-12,16,5,Friday,Contacted,537
CALL0000854,ACC00354,A010,2025-02-03,19,5,Friday,Wrong Number,18
CALL0000855,ACC00354,A001,2024-05-09,15,4,Thursday,Wrong Number,29
CALL0000856,ACC00355,A003,2024-08-13,11,5,Friday,Voicemail,28
CALL0000857,ACC00355,A002,2025-06-09,13,4,Thursday,Wrong Number,16
CALL0000858,ACC00355,A007,2025-07-13,18,2,Tuesday,Contacted,508
CALL0000859,ACC00355,A004,2024-09-05,9,6,Saturday,No Answer,15
CALL0000860,ACC00356,A005,2024-10-18,17,7,Sunday,Voicemail,25
CALL0000861,ACC00356,A002,2024-11-16,15,6,Saturday,Voicemail,8
CALL0000862,ACC00357,A007,2024-02-14,15,4,Thursday,Wrong Number,4
CALL0000863,ACC00357,A008,2025-10-17,18,3,Wednesday,Voicemail,24
CALL0000864,ACC00357,A006,2024-12-29,20,1,Monday,Voicemail,7
CALL0000865,ACC00357,A010,2025-08-16,17,4,Thursday,Voicemail,30
CALL0000866,ACC00358,A009,2025-04-18,18,5,Friday,Wrong Number,11
CALL0000867,ACC00358,A007,2024-11-17,15,5,Friday,Wrong Number,10
CALL0000868,ACC00358,A004,2025-11-12,20,4,Thursday,Voicemail,26
CALL0000869,ACC00359,A002,2025-11-24,8,6,Saturday,No Answer,14
CALL0000870,ACC00359,A001,2025-04-22,15,3,Wednesday,Busy,10
CALL0000871,ACC00359,A003,2025-10-19,17,3,Wednesday,Wrong Number,18
CALL0000872,ACC00359,A004,2024-06-01,11,5,Friday,Voicemail,0
CALL0000873,ACC00359,A001,2024-07-12,14,4,Thursday,Voicemail,21
CALL0000874,ACC00360,A004,2024-08-17,9,7,Sunday,Wrong Number,10
CALL0000875,ACC00360,A002,2024-06-11,15,2,Tuesday,Voicemail,25
CALL0000876,ACC00360,A003,2024-10-18,17,2,Tuesday,No Answer,6
CALL0000877,ACC00361,A001,2024-09-08,12,3,Wednesday,Contacted,367
CALL0000878,ACC00361,A001,2025-08-22,11,3,Wednesday,Contacted,492
CALL0000879,ACC00361,A007,2024-06-01,8,3,Wednesday,No Answer,6
CALL0000880,ACC00361,A008,2024-11-12,12,7,Sunday,Voicemail,25
CALL0000881,ACC00361,A010,2025-02-05,10,2,Tuesday,Busy,29
CALL0000882,ACC00362,A007,2025-10-12,10,5,Friday,No Answer,26
CALL0000883,ACC00363,A009,2025-03-24,18,1,Monday,Contacted,183
CALL0000884,ACC00363,A005,2025-10-26,11,5,Friday,Contacted,425
CALL0000885,ACC00364,A006,2025-07-24,17,2,Tuesday,Contacted,292
CALL0000886,ACC00364,A007,2025-01-13,13,7,Sunday,No Answer,4
CALL0000887,ACC00365,A004,2024-12-06,15,4,Thursday,Voicemail,29
CALL0000888,ACC00366,A005,2024-05-20,15,6,Saturday,Contacted,93
CALL0000889,ACC00367,A010,2025-02-24,8,4,Thursday,Busy,12
CALL0000890,ACC00367,A010,2025-01-21,18,7,Sunday,Wrong Number,28
CALL0000891,ACC00367,A006,2024-01-18,11,5,Friday,Contacted,484
CALL0000892,ACC00368,A008,2025-11-23,8,1,Monday,No Answer,13
CALL0000893,ACC00368,A003,2024-01-25,19,1,Monday,Contacted,140
CALL0000894,ACC00368,A010,2024-02-09,9,4,Thursday,Contacted,346
CALL0000895,ACC00368,A003,2024-02-03,15,4,Thursday,No Answer,12
CALL0000896,ACC00369,A002,2025-07-18,17,5,Friday,Busy,18
CALL0000897,ACC00369,A001,2025-09-02,10,6,Saturday,Busy,3
CALL0000898,ACC00369,A001,2024-12-11,11,3,Wednesday,Contacted,457
CALL0000899,ACC00370,A008,2025-07-26,10,1,Monday,Contacted,504
CALL0000900,ACC00370,A008,2024-10-13,11,5,Friday,Contacted,361
CALL0000901,ACC00370,A003,2025-07-08,16,3,Wednesday,Contacted,590
CALL0000902,ACC00370,A002,2024-03-04,14,1,Monday,No Answer,30
CALL0000903,ACC00371,A005,2024-06-20,14,4,Thursday,Contacted,328
CALL0000904,ACC00371,A005,2025-03-01,17,3,Wednesday,Busy,23
CALL0000905,ACC00371,A007,2025-05-17,14,6,Saturday,No Answer,20
CALL0000906,ACC00371,A003,2024-09-28,15,5,Friday,Contacted,380
CALL0000907,ACC00371,A008,2025-01-05,15,3,Wednesday,Voicemail,15
CALL0000908,ACC00372,A006,2025-07-03,12,3,Wednesday,Voicemail,13
CALL0000909,ACC00372,A002,2025-05-05,15,5,Friday,Contacted,474
CALL0000910,ACC00373,A005,2025-09-21,16,4,Thursday,Busy,17
CALL0000911,ACC00374,A007,2025-06-18,9,4,Thursday,Busy,28
CALL0000912,ACC00375,A001,2024-03-13,17,5,Friday,Contacted,478
CALL0000913,ACC00375,A007,2024-01-02,13,6,Saturday,Contacted,558
CALL0000914,ACC00375,A004,2024-02-04,13,5,Friday,No Answer,25
CALL0000915,ACC00376,A002,2025-10-18,14,2,Tuesday,Voicemail,20
CALL0000916,ACC00377,A009,2025-08-19,16,6,Saturday,Voicemail,4
CALL0000917,ACC00378,A001,2024-08-31,20,5,Friday,Contacted,438
CALL0000918,ACC00378,A001,2024-03-27,16,1,Monday,Voicemail,17
CALL0000919,ACC00378,A009,2025-06-18,15,7,Sunday,Contacted,31
CALL0000920,ACC00379,A008,2025-02-13,15,6,Saturday,No Answer,15
CALL0000921,ACC00379,A005,2025-10-26,10,7,Sunday,Voicemail,1
CALL0000922,ACC00379,A007,2024-08-19,11,7,Sunday,Wrong Number,19
CALL0000923,ACC00380,A006,2024-06-04,17,2,Tuesday,Contacted,84
CALL0000924,ACC00380,A008,2024-03-09,9,6,Saturday,No Answer,1
CALL0000925,ACC00381,A001,2024-04-18,15,5,Friday,Contacted,210
CALL0000926,ACC00382,A010,2024-06-01,13,2,Tuesday,Busy,22
CALL0000927,ACC00382,A010,2024-06-28,8,1,Monday,Wrong Number,11
CALL0000928,ACC00383,A004,2025-04-29,12,3,Wednesday,Voicemail,20
CALL0000929,ACC00383,A005,2025-09-05,14,4,Thursday,Wrong Number,23
CALL0000930,ACC00383,A003,2024-09-17,19,2,Tuesday,Contacted,294
CALL0000931,ACC00384,A005,2024-03-26,14,1,Monday,Busy,14
CALL0000932,ACC00386,A008,2025-11-27,19,1,Monday,Busy,7
CALL0000933,ACC00386,A010,2025-09-19,18,6,Saturday,Wrong Number,23
CALL0000934,ACC00386,A001,2025-09-14,15,4,Thursday,Wrong Number,24
CALL0000935,ACC00387,A010,2024-11-23,13,5,Friday,Wrong Number,9
CALL0000936,ACC00387,A009,2025-11-04,9,3,Wednesday,Wrong Number,16
CALL0000937,ACC00387,A004,2024-03-21,12,4,Thursday,Contacted,89
CALL0000938,ACC00387,A005,2024-12-11,15,2,Tuesday,Voicemail,14
CALL0000939,ACC00388,A006,2024-01-28,16,4,Thursday,Busy,8
CALL0000940,ACC00388,A002,2024-09-06,13,7,Sunday,No Answer,3
CALL0000941,ACC00389,A009,2024-02-28,19,4,Thursday,No Answer,30
CALL0000942,ACC00390,A004,2025-11-24,15,4,Thursday,Voicemail,19
CALL0000943,ACC00390,A004,2024-06-18,9,3,Wednesday,No Answer,16
CALL0000944,ACC00391,A001,2025-11-05,15,5,Friday,No Answer,28
CALL0000945,ACC00392,A003,2024-05-31,17,3,Wednesday,Contacted,537
CALL0000946,ACC00392,A010,2024-01-09,13,3,Wednesday,Busy,26
CALL0000947,ACC00392,A010,2025-06-13,19,6,Saturday,No Answer,22
CALL0000948,ACC00392,A005,2024-05-24,20,6,Saturday,Wrong Number,21
CALL0000949,ACC00393,A010,2025-07-06,12,2,Tuesday,Contacted,208
CALL0000950,ACC00393,A008,2024-09-10,20,7,Sunday,Voicemail,21
CALL0000951,ACC00393,A009,2024-07-03,9,3,Wednesday,Wrong Number,10
CALL0000952,ACC00395,A009,2024-05-27,17,6,Saturday,Wrong Number,19
CALL0000953,ACC00395,A008,2025-06-14,17,3,Wednesday,Wrong Number,30
CALL0000954,ACC00396,A002,2024-10-12,13,2,Tuesday,Voicemail,30
CALL0000955,ACC00396,A010,2024-08-29,12,1,Monday,Busy,23
CALL0000956,ACC00397,A010,2024-08-06,14,6,Saturday,Contacted,366
CALL0000957,ACC00397,A010,2025-03-21,11,3,Wednesday,No Answer,22
CALL0000958,ACC00397,A003,2024-08-01,11,6,Saturday,No Answer,3
CALL0000959,ACC00397,A004,2024-10-12,19,4,Thursday,Wrong Number,19
CALL0000960,ACC00397,A006,2025-03-08,18,5,Friday,Contacted,101
CALL0000961,ACC00398,A008,2025-02-15,10,1,Monday,No Answer,30
CALL0000962,ACC00398,A006,2024-01-29,17,3,Wednesday,Contacted,60
CALL0000963,ACC00399,A004,2024-04-14,14,1,Monday,Contacted,336
CALL0000964,ACC00399,A008,2024-09-11,9,6,Saturday,Busy,25
CALL0000965,ACC00399,A008,2024-03-10,16,4,Thursday,Contacted,335
CALL0000966,ACC00399,A002,2024-12-26,14,6,Saturday,No Answer,4
CALL0000967,ACC00399,A008,2024-08-02,16,1,Monday,Busy,17
CALL0000968,ACC00400,A006,2024-02-18,19,3,Wednesday,Contacted,335
CALL0000969,ACC00400,A006,2025-09-29,19,3,Wednesday,Contacted,267
CALL0000970,ACC00401,A003,2024-10-30,9,7,Sunday,Busy,10
CALL0000971,ACC00401,A010,2024-03-18,20,6,Saturday,Wrong Number,13
CALL0000972,ACC00403,A009,2025-09-20,12,4,Thursday,Voicemail,5
CALL0000973,ACC00403,A001,2025-05-28,19,7,Sunday,Voicemail,14
CALL0000974,ACC00403,A010,2024-12-02,10,2,Tuesday,Busy,26
CALL0000975,ACC00403,A004,2025-07-07,16,6,Saturday,Contacted,201
CALL0000976,ACC00404,A003,2024-01-18,11,3,Wednesday,Wrong Number,9
CALL0000977,ACC00404,A009,2025-03-29,20,5,Friday,Busy,13
CALL0000978,ACC00404,A007,2025-11-10,18,2,Tuesday,Contacted,503
CALL0000979,ACC00405,A004,2024-09-06,10,4,Thursday,Wrong Number,17
CALL0000980,ACC00405,A009,2024-10-02,15,1,Monday,Wrong Number,5
CALL0000981,ACC00405,A004,2024-08-21,18,2,Tuesday,Voicemail,15
CALL0000982,ACC00405,A008,2024-12-16,19,2,Tuesday,Busy,27
CALL0000983,ACC00405,A004,2025-05-26,17,5,Friday,Contacted,368
CALL0000984,ACC00406,A008,2024-12-31,17,3,Wednesday,Contacted,158
CALL0000985,ACC00406,A006,2024-08-13,18,5,Friday,Contacted,593
CALL0000986,ACC00407,A003,2025-04-03,19,1,Monday,Voicemail,1
CALL0000987,ACC00407,A008,2024-12-05,13,2,Tuesday,Busy,18
CALL0000988,ACC00407,A009,2025-04-14,17,2,Tuesday,Contacted,518
CALL0000989,ACC00407,A005,2025-07-04,19,1,Monday,Wrong Number,20
CALL0000990,ACC00408,A010,2025-10-22,15,4,Thursday,Voicemail,12
CALL0000991,ACC00408,A007,2024-01-11,12,7,Sunday,Voicemail,23
CALL0000992,ACC00409,A003,2024-08-21,11,5,Friday,No Answer,30
CALL0000993,ACC00409,A001,2024-10-17,16,3,Wednesday,Wrong Number,0
CALL0000994,ACC00410,A010,2025-03-09,19,2,Tuesday,Voicemail,18
CALL0000995,ACC00410,A007,2025-11-24,19,7,Sunday,No Answer,15
CALL0000996,ACC00410,A003,2024-01-25,17,4,Thursday,Contacted,117
CALL0000997,ACC00411,A002,2024-02-18,11,7,Sunday,No Answer,22
CALL0000998,ACC00411,A003,2024-09-04,18,4,Thursday,Contacted,414
CALL0000999,ACC00411,A009,2025-07-11,11,3,Wednesday,No Answer,10
CALL0001000,ACC00411,A004,2024-03-18,8,5,Friday,Voicemail,26
CALL0001001,ACC00412,A003,2024-10-13,19,2,Tuesday,Contacted,51
CALL0001002,ACC00413,A007,2025-04-05,15,4,Thursday,Voicemail,29
CALL0001003,ACC00413,A006,2025-01-09,16,4,Thursday,Contacted,332
CALL0001004,ACC00413,A006,2025-05-21,13,3,Wednesday,Voicemail,0
CALL0001005,ACC00414,A008,2025-10-26,11,4,Thursday,Contacted,114
CALL0001006,ACC00414,A002,2024-04-27,12,3,Wednesday,Voicemail,28
CALL0001007,ACC00415,A001,2025-10-01,13,2,Tuesday,Voicemail,4
CALL0001008,ACC00415,A002,2025-04-09,19,5,Friday,Busy,24
CALL0001009,ACC00415,A002,2025-02-07,17,1,Monday,Contacted,219
CALL0001010,ACC00416,A004,2025-01-18,15,5,Friday,Contacted,91
CALL0001011,ACC00416,A010,2024-02-11,18,5,Friday,Contacted,424
CALL0001012,ACC00417,A001,2025-04-19,11,4,Thursday,Busy,9
CALL0001013,ACC00417,A002,2024-07-12,18,3,Wednesday,Busy,23
CALL0001014,ACC00417,A003,2024-06-21,18,2,Tuesday,No Answer,23
CALL0001015,ACC00417,A010,2025-08-19,11,5,Friday,Contacted,52
CALL0001016,ACC00418,A003,2024-06-29,18,1,Monday,No Answer,11
CALL0001017,ACC00418,A008,2024-12-28,15,2,Tuesday,No Answer,9
CALL0001018,ACC00419,A005,2024-09-15,9,5,Friday,Busy,10
CALL0001019,ACC00419,A005,2025-02-20,8,4,Thursday,No Answer,6
CALL0001020,ACC00419,A004,2024-08-26,12,4,Thursday,No Answer,6
CALL0001021,ACC00420,A003,2025-09-30,15,2,Tuesday,Wrong Number,2
CALL0001022,ACC00420,A003,2025-05-20,11,5,Friday,Contacted,149
CALL0001023,ACC00420,A002,2024-01-27,18,4,Thursday,Busy,16
CALL0001024,ACC00421,A010,2024-02-10,9,4,Thursday,No Answer,5
CALL0001025,ACC00421,A007,2025-06-22,20,1,Monday,No Answer,18
CALL0001026,ACC00421,A010,2025-11-24,14,5,Friday,Contacted,149
CALL0001027,ACC00421,A002,2024-04-20,17,6,Saturday,Contacted,187
CALL0001028,ACC00421,A008,2025-11-17,11,3,Wednesday,Busy,3
CALL0001029,ACC00422,A005,2024-08-27,18,6,Saturday,Wrong Number,1
CALL0001030,ACC00422,A009,2024-03-11,19,1,Monday,Busy,22
CALL0001031,ACC00422,A001,2025-07-30,9,1,Monday,Wrong Number,9
CALL0001032,ACC00422,A003,2024-11-24,18,1,Monday,Contacted,240
CALL0001033,ACC00422,A006,2024-01-24,18,7,Sunday,Voicemail,18
CALL0001034,ACC00423,A001,2025-05-19,9,6,Saturday,Wrong Number,11
CALL0001035,ACC00423,A003,2025-05-22,15,5,Friday,Contacted,500
CALL0001036,ACC00424,A008,2025-01-21,18,2,Tuesday,Contacted,230
CALL0001037,ACC00425,A008,2025-05-30,18,1,Monday,No Answer,10
CALL0001038,ACC00425,A004,2024-02-01,20,5,Friday,Wrong Number,27
CALL0001039,ACC00425,A010,2024-03-02,15,6,Saturday,Contacted,383
CALL0001040,ACC00425,A010,2025-09-14,12,6,Saturday,Wrong Number,12
CALL0001041,ACC00425,A008,2024-09-08,19,1,Monday,Busy,22
CALL0001042,ACC00426,A001,2025-05-19,10,5,Friday,No Answer,25
CALL0001043,ACC00427,A004,2024-03-08,12,1,Monday,Busy,5
CALL0001044,ACC00427,A009,2024-11-01,11,1,Monday,Voicemail,28
CALL0001045,ACC00427,A003,2025-05-17,12,6,Saturday,Busy,19
CALL0001046,ACC00428,A009,2024-12-09,16,1,Monday,Busy,4
CALL0001047,ACC00429,A009,2024-11-28,19,6,Saturday,Contacted,412
CALL0001048,ACC00429,A010,2024-12-11,18,3,Wednesday,No Answer,6
CALL0001049,ACC00429,A005,2024-04-27,19,7,Sunday,Busy,29
CALL0001050,ACC00429,A009,2025-06-15,19,5,Friday,Contacted,537
CALL0001051,ACC00430,A003,2024-07-30,16,3,Wednesday,Contacted,227
CALL0001052,ACC00430,A008,2024-09-03,16,1,Monday,Wrong Number,8
CALL0001053,ACC00430,A007,2025-01-07,16,3,Wednesday,Voicemail,16
CALL0001054,ACC00431,A007,2024-09-29,10,2,Tuesday,Busy,1
CALL0001055,ACC00431,A007,2024-08-21,10,3,Wednesday,Wrong Number,15
CALL0001056,ACC00431,A002,2024-02-08,10,3,Wednesday,Contacted,555
CALL0001057,ACC00432,A005,2024-10-02,12,1,Monday,No Answer,22
CALL0001058,ACC00433,A005,2025-01-23,19,1,Monday,No Answer,3
CALL0001059,ACC00433,A009,2025-01-30,19,6,Saturday,No Answer,2
CALL0001060,ACC00433,A006,2025-09-14,10,5,Friday,Contacted,370
CALL0001061,ACC00434,A007,2025-10-07,12,7,Sunday,Busy,23
CALL0001062,ACC00434,A008,2025-05-27,20,3,Wednesday,Busy,15
CALL0001063,ACC00435,A006,2024-09-30,18,2,Tuesday,Voicemail,20
CALL0001064,ACC00436,A001,2024-12-12,19,3,Wednesday,Contacted,464
CALL0001065,ACC00436,A003,2024-01-10,11,1,Monday,Contacted,453
CALL0001066,ACC00437,A005,2024-06-02,20,7,Sunday,Wrong Number,29
CALL0001067,ACC00438,A009,2024-04-11,17,5,Friday,Busy,12
CALL0001068,ACC00438,A008,2024-08-25,16,4,Thursday,Voicemail,26
CALL0001069,ACC00438,A007,2024-01-22,20,4,Thursday,Contacted,117
CALL0001070,ACC00439,A001,2025-01-04,8,1,Monday,Voicemail,27
CALL0001071,ACC00439,A004,2024-09-03,12,4,Thursday,Contacted,308
CALL0001072,ACC00439,A008,2025-04-30,18,1,Monday,Busy,25
CALL0001073,ACC00440,A003,2024-12-04,17,4,Thursday,No Answer,9
CALL0001074,ACC00440,A010,2025-08-31,20,2,Tuesday,Wrong Number,13
CALL0001075,ACC00440,A006,2024-12-03,12,6,Saturday,Wrong Number,26
CALL0001076,ACC00440,A007,2025-03-21,10,3,Wednesday,No Answer,3
CALL0001077,ACC00441,A010,2024-03-09,17,3,Wednesday,Contacted,502
CALL0001078,ACC00441,A004,2025-11-09,18,5,Friday,Contacted,218
CALL0001079,ACC00441,A003,2024-11-16,17,5,Friday,Busy,26
CALL0001080,ACC00441,A001,2025-03-08,12,5,Friday,No Answer,21
CALL0001081,ACC00441,A010,2024-02-24,9,1,Monday,No Answer,4
CALL0001082,ACC00442,A001,2025-11-02,13,3,Wednesday,Contacted,275
CALL0001083,ACC00442,A005,2024-10-04,19,5,Friday,Voicemail,17
CALL0001084,ACC00443,A006,2024-10-22,11,5,Friday,Busy,10
CALL0001085,ACC00444,A008,2025-07-08,11,2,Tuesday,Contacted,577
CALL0001086,ACC00444,A004,2025-01-02,19,4,Thursday,No Answer,21
CALL0001087,ACC00444,A008,2024-02-19,19,3,Wednesday,Contacted,310
CALL0001088,ACC00445,A002,2025-04-28,9,1,Monday,Busy,28
CALL0001089,ACC00445,A001,2025-06-21,19,7,Sunday,Voicemail,2
CALL0001090,ACC00445,A005,2025-05-14,18,1,Monday,No Answer,2
CALL0001091,ACC00445,A009,2025-02-14,12,3,Wednesday,No Answer,18
CALL0001092,ACC00445,A005,2024-09-03,9,4,Thursday,Voicemail,5
CALL0001093,ACC00446,A003,2025-05-16,11,5,Friday,Voicemail,22
CALL0001094,ACC00446,A008,2024-09-03,15,5,Friday,Voicemail,17
CALL0001095,ACC00446,A003,2025-04-14,8,3,Wednesday,No Answer,20
CALL0001096,ACC00446,A009,2024-12-14,11,3,Wednesday,Contacted,118
CALL0001097,ACC00447,A007,2025-07-17,20,5,Friday,No Answer,19
CALL0001098,ACC00447,A006,2025-11-12,14,5,Friday,Contacted,470
CALL0001099,ACC00447,A002,2024-07-27,16,2,Tuesday,Voicemail,14
CALL0001100,ACC00447,A001,2025-02-23,12,5,Friday,Busy,3
CALL0001101,ACC00448,A008,2024-07-12,17,5,Friday,Contacted,51
CALL0001102,ACC00448,A007,2024-02-17,18,3,Wednesday,Wrong Number,29
CALL0001103,ACC00448,A009,2025-08-16,11,1,Monday,No Answer,18
CALL0001104,ACC00448,A008,2024-08-28,12,2,Tuesday,Contacted,475
CALL0001105,ACC00449,A001,2025-07-07,15,3,Wednesday,Wrong Number,11
CALL0001106,ACC00449,A007,2025-05-01,18,5,Friday,Contacted,378
CALL0001107,ACC00449,A002,2024-11-20,15,3,Wednesday,Contacted,312
CALL0001108,ACC00450,A008,2025-06-06,10,1,Monday,Voicemail,15
CALL0001109,ACC00450,A006,2025-08-14,13,6,Saturday,Busy,9
CALL0001110,ACC00450,A007,2024-05-15,18,1,Monday,Contacted,213
CALL0001111,ACC00451,A003,2024-08-19,9,1,Monday,Voicemail,11
CALL0001112,ACC00451,A008,2025-01-15,20,2,Tuesday,Contacted,63
CALL0001113,ACC00451,A002,2024-09-21,18,1,Monday,Contacted,373
CALL0001114,ACC00452,A002,2024-12-17,10,1,Monday,Wrong Number,11
CALL0001115,ACC00452,A006,2024-05-08,13,4,Thursday,No Answer,1
CALL0001116,ACC00453,A003,2024-08-02,14,6,Saturday,Busy,6
CALL0001117,ACC00453,A009,2025-05-19,15,2,Tuesday,Contacted,183
CALL0001118,ACC00453,A003,2024-12-29,17,2,Tuesday,Busy,14
CALL0001119,ACC00453,A002,2024-08-12,15,2,Tuesday,Contacted,242
CALL0001120,ACC00455,A009,2025-04-27,18,5,Friday,No Answer,0
CALL0001121,ACC00455,A004,2025-08-21,12,4,Thursday,Contacted,64
CALL0001122,ACC00455,A002,2025-04-01,8,2,Tuesday,Busy,21
CALL0001123,ACC00455,A007,2025-10-09,17,6,Saturday,Voicemail,11
CALL0001124,ACC00456,A008,2024-03-25,10,4,Thursday,No Answer,8
CALL0001125,ACC00456,A002,2024-08-12,15,4,Thursday,Voicemail,24
CALL0001126,ACC00456,A007,2025-05-03,20,4,Thursday,No Answer,28
CALL0001127,ACC00457,A008,2024-12-31,12,5,Friday,No Answer,11
CALL0001128,ACC00457,A005,2025-11-12,17,5,Friday,Busy,13
CALL0001129,ACC00459,A009,2024-05-28,17,3,Wednesday,Wrong Number,16
CALL0001130,ACC00460,A010,2024-07-28,12,7,Sunday,Busy,20
CALL0001131,ACC00460,A009,2024-02-08,11,3,Wednesday,Wrong Number,29
CALL0001132,ACC00461,A002,2025-11-24,11,5,Friday,Contacted,198
CALL0001133,ACC00461,A006,2025-08-31,15,5,Friday,Wrong Number,30
CALL0001134,ACC00461,A001,2025-01-06,18,5,Friday,Busy,10
CALL0001135,ACC00461,A001,2025-02-09,15,6,Saturday,Wrong Number,20
CALL0001136,ACC00462,A005,2025-04-13,11,2,Tuesday,No Answer,27
CALL0001137,ACC00462,A010,2025-08-04,16,4,Thursday,Contacted,396
CALL0001138,ACC00463,A007,2024-01-01,11,3,Wednesday,Contacted,510
CALL0001139,ACC00464,A004,2024-04-15,13,4,Thursday,Wrong Number,9
CALL0001140,ACC00465,A004,2025-02-28,11,4,Thursday,Voicemail,0
CALL0001141,ACC00465,A007,2025-07-23,16,3,Wednesday,Wrong Number,11
CALL0001142,ACC00465,A001,2025-11-09,17,2,Tuesday,Wrong Number,6
CALL0001143,ACC00466,A004,2024-04-03,8,1,Monday,Wrong Number,30
CALL0001144,ACC00467,A008,2025-01-20,11,5,Friday,Contacted,429
CALL0001145,ACC00467,A005,2024-07-28,18,6,Saturday,Contacted,239
CALL0001146,ACC00468,A007,2025-04-07,12,2,Tuesday,Wrong Number,21
CALL0001147,ACC00468,A005,2024-01-06,18,4,Thursday,Contacted,40
CALL0001148,ACC00468,A008,2025-07-15,16,3,Wednesday,No Answer,23
CALL0001149,ACC00468,A008,2024-07-31,20,5,Friday,Voicemail,29
CALL0001150,ACC00469,A009,2025-07-25,19,4,Thursday,Contacted,510
CALL0001151,ACC00469,A007,2024-12-31,17,4,Thursday,Contacted,525
CALL0001152,ACC00469,A008,2024-02-29,18,4,Thursday,Contacted,232
CALL0001153,ACC00470,A009,2025-02-28,12,7,Sunday,Voicemail,20
CALL0001154,ACC00471,A007,2024-10-19,13,3,Wednesday,Voicemail,13
CALL0001155,ACC00472,A009,2024-11-03,12,3,Wednesday,Contacted,269
CALL0001156,ACC00472,A009,2025-03-27,18,6,Saturday,Voicemail,4
CALL0001157,ACC00472,A004,2025-08-09,8,3,Wednesday,No Answer,17
CALL0001158,ACC00472,A010,2025-03-29,16,6,Saturday,Wrong Number,2
CALL0001159,ACC00472,A005,2025-06-25,19,4,Thursday,Contacted,485
CALL0001160,ACC00473,A004,2024-09-27,13,4,Thursday,Voicemail,19
CALL0001161,ACC00474,A009,2025-02-08,10,3,Wednesday,Contacted,76
CALL0001162,ACC00474,A010,2025-08-07,17,6,Saturday,Wrong Number,25
CALL0001163,ACC00475,A005,2024-06-18,12,2,Tuesday,Busy,11
CALL0001164,ACC00475,A002,2025-06-25,14,3,Wednesday,Busy,26
CALL0001165,ACC00475,A009,2024-12-30,14,5,Friday,No Answer,0
CALL0001166,ACC00475,A007,2025-07-13,9,3,Wednesday,Voicemail,12
CALL0001167,ACC00475,A007,2024-01-01,19,4,Thursday,Contacted,518
CALL0001168,ACC00476,A002,2024-10-09,15,5,Friday,No Answer,13
CALL0001169,ACC00476,A010,2024-07-09,11,5,Friday,Contacted,273
CALL0001170,ACC00477,A009,2025-02-18,17,7,Sunday,Wrong Number,22
CALL0001171,ACC00477,A002,2024-03-12,17,6,Saturday,Contacted,339
CALL0001172,ACC00477,A009,2024-11-17,16,2,Tuesday,Contacted,164
CALL0001173,ACC00477,A009,2025-03-01,17,4,Thursday,Contacted,258
CALL0001174,ACC00478,A009,2024-01-01,18,1,Monday,Wrong Number,6
CALL0001175,ACC00478,A005,2024-01-12,10,6,Saturday,Contacted,218
CALL0001176,ACC00479,A002,2025-04-21,9,4,Thursday,No Answer,12
CALL0001177,ACC00479,A007,2025-09-04,12,4,Thursday,Busy,29
CALL0001178,ACC00479,A010,2025-10-02,18,3,Wednesday,Voicemail,3
CALL0001179,ACC00479,A008,2024-04-07,17,5,Friday,Wrong Number,17
CALL0001180,ACC00480,A001,2025-03-19,18,3,Wednesday,Contacted,579
CALL0001181,ACC00481,A009,2025-09-16,20,4,Thursday,Contacted,196
CALL0001182,ACC00481,A003,2025-01-09,8,6,Saturday,Wrong Number,2
CALL0001183,ACC00481,A005,2025-08-28,11,5,Friday,Contacted,229
CALL0001184,ACC00482,A001,2024-06-16,20,1,Monday,Voicemail,1
CALL0001185,ACC00482,A006,2024-08-06,15,5,Friday,Wrong Number,15
CALL0001186,ACC00482,A001,2025-06-18,16,3,Wednesday,Voicemail,17
CALL0001187,ACC00483,A007,2024-04-18,9,6,Saturday,Busy,28
CALL0001188,ACC00483,A006,2024-05-14,18,4,Thursday,Wrong Number,18
CALL0001189,ACC00484,A009,2025-03-15,13,5,Friday,Contacted,150
CALL0001190,ACC00484,A003,2025-03-17,9,4,Thursday,No Answer,21
CALL0001191,ACC00484,A001,2025-11-15,17,5,Friday,Busy,6
CALL0001192,ACC00484,A003,2024-07-05,13,4,Thursday,Wrong Number,18
CALL0001193,ACC00485,A007,2024-06-03,11,5,Friday,Voicemail,19
CALL0001194,ACC00486,A010,2025-06-01,17,7,Sunday,No Answer,28
CALL0001195,ACC00486,A001,2025-01-31,17,4,Thursday,Contacted,590
CALL0001196,ACC00486,A001,2024-10-22,13,3,Wednesday,Contacted,174
CALL0001197,ACC00487,A009,2025-03-08,8,1,Monday,No Answer,30
CALL0001198,ACC00487,A009,2024-01-14,12,5,Friday,No Answer,28
CALL0001199,ACC00487,A009,2024-03-18,17,4,Thursday,Contacted,69
CALL0001200,ACC00487,A001,2024-08-29,12,4,Thursday,Contacted,390
CALL0001201,ACC00488,A003,2024-01-12,16,5,Friday,No Answer,13
CALL0001202,ACC00488,A010,2025-04-12,12,3,Wednesday,Busy,21
CALL0001203,ACC00488,A005,2025-10-14,16,6,Saturday,No Answer,15
CALL0001204,ACC00488,A005,2024-05-25,16,2,Tuesday,Contacted,46
CALL0001205,ACC00489,A006,2025-04-10,20,7,Sunday,Wrong Number,5
CALL0001206,ACC00489,A007,2024-07-14,17,4,Thursday,Contacted,445
CALL0001207,ACC00489,A007,2025-09-11,9,4,Thursday,No Answer,3
CALL0001208,ACC00490,A005,2024-10-19,15,4,Thursday,No Answer,15
CALL0001209,ACC00490,A007,2025-11-19,17,6,Saturday,No Answer,4
CALL0001210,ACC00490,A007,2024-05-12,16,3,Wednesday,Contacted,153
CALL0001211,ACC00490,A004,2025-01-31,10,5,Friday,No Answer,24
CALL0001212,ACC00491,A001,2025-06-18,10,5,Friday,Wrong Number,15
CALL0001213,ACC00491,A005,2024-05-07,14,3,Wednesday,Wrong Number,26
CALL0001214,ACC00493,A003,2025-01-07,18,4,Thursday,Contacted,118
CALL0001215,ACC00494,A001,2024-10-07,11,2,Tuesday,Contacted,429
CALL0001216,ACC00494,A007,2024-01-01,16,5,Friday,Voicemail,19
CALL0001217,ACC00495,A003,2025-04-08,11,3,Wednesday,Voicemail,24
CALL0001218,ACC00495,A002,2024-01-09,17,6,Saturday,Voicemail,6
CALL0001219,ACC00495,A001,2024-07-11,18,4,Thursday,Contacted,453
CALL0001220,ACC00495,A004,2024-12-03,17,6,Saturday,Contacted,182
CALL0001221,ACC00496,A005,2024-05-06,8,1,Monday,Contacted,307
CALL0001222,ACC00497,A005,2024-08-19,18,5,Friday,Contacted,106
CALL0001223,ACC00497,A004,2024-02-01,18,4,Thursday,Busy,8
CALL0001224,ACC00497,A005,2025-11-28,19,3,Wednesday,Busy,22
CALL0001225,ACC00497,A003,2024-02-16,18,1,Monday,Contacted,573
CALL0001226,ACC00498,A002,2024-08-10,15,7,Sunday,No Answer,16
CALL0001227,ACC00499,A003,2024-02-13,18,4,Thursday,Contacted,348
CALL0001228,ACC00499,A004,2025-02-22,13,3,Wednesday,Wrong Number,25
CALL0001229,ACC00499,A006,2025-11-26,13,4,Thursday,Voicemail,24
CALL0001230,ACC00500,A008,2025-03-03,11,5,Friday,Busy,6
CALL0001231,ACC00500,A006,2025-10-03,10,2,Tuesday,Busy,20
CALL0001232,ACC00500,A001,2024-07-26,13,1,Monday,Busy,17
CALL0001233,ACC00500,A009,2024-12-05,9,2,Tuesday,Busy,17
CALL0001234,ACC00501,A007,2025-04-28,10,7,Sunday,Wrong Number,13
CALL0001235,ACC00502,A009,2024-02-15,16,4,Thursday,Voicemail,10
CALL0001236,ACC00502,A006,2025-04-02,9,5,Friday,Contacted,513
CALL0001237,ACC00502,A006,2024-07-31,9,6,Saturday,Wrong Number,17
CALL0001238,ACC00502,A003,2025-09-10,11,3,Wednesday,Busy,12
CALL0001239,ACC00503,A005,2025-11-01,8,6,Saturday,No Answer,8
CALL0001240,ACC00504,A005,2025-10-12,18,1,Monday,Contacted,314
CALL0001241,ACC00505,A008,2025-08-28,18,4,Thursday,Voicemail,22
CALL0001242,ACC00505,A002,2024-11-15,12,2,Tuesday,Contacted,520
CALL0001243,ACC00506,A010,2025-11-30,19,2,Tuesday,Voicemail,25
CALL0001244,ACC00506,A001,2025-04-06,10,3,Wednesday,No Answer,2
CALL0001245,ACC00506,A005,2024-02-16,18,5,Friday,Contacted,331
CALL0001246,ACC00506,A009,2025-09-06,16,3,Wednesday,Voicemail,26
CALL0001247,ACC00507,A007,2025-10-03,9,4,Thursday,Wrong Number,16
CALL0001248,ACC00507,A006,2024-02-24,20,7,Sunday,Busy,3
CALL0001249,ACC00507,A007,2025-08-09,16,4,Thursday,Contacted,497
CALL0001250,ACC00508,A004,2024-08-12,16,3,Wednesday,Contacted,76
CALL0001251,ACC00508,A005,2024-08-07,10,2,Tuesday,Contacted,359
CALL0001252,ACC00508,A004,2025-07-24,9,6,Saturday,Contacted,491
CALL0001253,ACC00508,A007,2024-04-30,20,5,Friday,Busy,25
CALL0001254,ACC00508,A001,2025-07-22,15,3,Wednesday,Wrong Number,8
CALL0001255,ACC00509,A001,2024-08-14,14,3,Wednesday,Voicemail,12
CALL0001256,ACC00509,A009,2024-01-04,17,3,Wednesday,Busy,5
CALL0001257,ACC00510,A010,2024-05-03,19,2,Tuesday,Busy,3
CALL0001258,ACC00510,A009,2024-08-05,19,4,Thursday,Busy,15
CALL0001259,ACC00510,A010,2024-09-24,18,1,Monday,Contacted,250
CALL0001260,ACC00510,A010,2024-07-29,11,1,Monday,Contacted,398
CALL0001261,ACC00511,A007,2025-03-17,16,4,Thursday,Contacted,441
CALL0001262,ACC00511,A004,2025-11-06,20,1,Monday,Contacted,390
CALL0001263,ACC00511,A009,2024-04-06,11,2,Tuesday,Busy,10
CALL0001264,ACC00511,A005,2024-10-10,16,7,Sunday,Contacted,563
CALL0001265,ACC00511,A007,2025-03-19,13,2,Tuesday,No Answer,0
CALL0001266,ACC00512,A009,2025-04-23,16,1,Monday,No Answer,9
CALL0001267,ACC00512,A007,2024-08-18,18,2,Tuesday,No Answer,2
CALL0001268,ACC00512,A005,2024-12-12,16,6,Saturday,Voicemail,18
CALL0001269,ACC00513,A004,2025-09-29,11,4,Thursday,Contacted,136
CALL0001270,ACC00514,A003,2025-02-23,11,5,Friday,Contacted,538
CALL0001271,ACC00514,A010,2025-05-15,14,3,Wednesday,Wrong Number,11
CALL0001272,ACC00514,A002,2024-08-02,13,4,Thursday,Contacted,346
CALL0001273,ACC00515,A009,2025-09-01,9,3,Wednesday,No Answer,30
CALL0001274,ACC00515,A003,2025-10-30,16,2,Tuesday,Wrong Number,27
CALL0001275,ACC00516,A006,2025-09-14,16,5,Friday,Wrong Number,3
CALL0001276,ACC00517,A009,2024-02-03,9,1,Monday,Voicemail,9
CALL0001277,ACC00517,A008,2024-01-01,12,2,Tuesday,Contacted,287
CALL0001278,ACC00517,A001,2025-09-25,10,1,Monday,No Answer,2
CALL0001279,ACC00517,A008,2025-06-21,20,1,Monday,Voicemail,26
CALL0001280,ACC00518,A008,2024-01-19,12,4,Thursday,No Answer,10
CALL0001281,ACC00518,A004,2024-08-17,16,6,Saturday,Wrong Number,14
CALL0001282,ACC00518,A001,2025-01-31,15,7,Sunday,Wrong Number,3
CALL0001283,ACC00519,A001,2024-07-17,15,3,Wednesday,Contacted,207
CALL0001284,ACC00519,A005,2025-01-07,15,3,Wednesday,Busy,28
CALL0001285,ACC00519,A008,2025-01-06,17,3,Wednesday,Voicemail,11
CALL0001286,ACC00519,A002,2025-09-24,11,5,Friday,No Answer,3
CALL0001287,ACC00520,A003,2024-11-11,17,1,Monday,Wrong Number,6
CALL0001288,ACC00520,A009,2025-02-27,8,7,Sunday,Voicemail,13
CALL0001289,ACC00520,A002,2025-07-19,17,6,Saturday,Wrong Number,24
CALL0001290,ACC00522,A008,2024-12-17,17,3,Wednesday,Wrong Number,30
CALL0001291,ACC00522,A007,2025-08-28,12,2,Tuesday,Busy,27
CALL0001292,ACC00522,A003,2024-10-07,12,4,Thursday,Contacted,235
CALL0001293,ACC00523,A007,2025-05-19,17,6,Saturday,Voicemail,19
CALL0001294,ACC00523,A010,2024-09-27,18,4,Thursday,Wrong Number,12
CALL0001295,ACC00524,A004,2025-08-20,17,7,Sunday,Voicemail,11
CALL0001296,ACC00524,A003,2024-10-08,19,6,Saturday,No Answer,22
CALL0001297,ACC00525,A005,2025-01-08,11,4,Thursday,No Answer,17
CALL0001298,ACC00525,A010,2025-11-26,19,4,Thursday,Contacted,262
CALL0001299,ACC00526,A008,2024-01-28,11,5,Friday,No Answer,24
CALL0001300,ACC00526,A007,2025-06-21,8,2,Tuesday,Voicemail,29
CALL0001301,ACC00527,A005,2024-07-10,18,1,Monday,Contacted,418
CALL0001302,ACC00527,A004,2025-06-21,9,6,Saturday,No Answer,15
CALL0001303,ACC00527,A001,2025-04-14,11,7,Sunday,No Answer,11
CALL0001304,ACC00528,A002,2025-01-30,11,5,Friday,No Answer,10
CALL0001305,ACC00528,A009,2024-02-16,18,6,Saturday,Busy,27
CALL0001306,ACC00528,A007,2025-04-07,17,3,Wednesday,Contacted,328
CALL0001307,ACC00529,A007,2025-10-25,15,5,Friday,Wrong Number,27
CALL0001308,ACC00529,A010,2024-02-08,11,6,Saturday,Wrong Number,6
CALL0001309,ACC00530,A002,2024-09-27,10,4,Thursday,Voicemail,26
CALL0001310,ACC00530,A008,2024-02-24,19,1,Monday,Wrong Number,1
CALL0001311,ACC00530,A009,2025-06-30,10,6,Saturday,Wrong Number,9
CALL0001312,ACC00531,A004,2025-04-17,15,4,Thursday,Contacted,231
CALL0001313,ACC00531,A008,2024-01-23,15,2,Tuesday,Contacted,359
CALL0001314,ACC00532,A006,2025-01-15,12,7,Sunday,Busy,27
CALL0001315,ACC00532,A001,2024-01-24,20,6,Saturday,Busy,13
CALL0001316,ACC00532,A008,2024-07-09,18,1,Monday,Contacted,570
CALL0001317,ACC00532,A003,2024-12-08,15,3,Wednesday,No Answer,30
CALL0001318,ACC00533,A010,2024-09-01,19,3,Wednesday,Contacted,253
CALL0001319,ACC00533,A005,2024-04-22,10,3,Wednesday,Contacted,563
CALL0001320,ACC00533,A008,2025-11-19,10,5,Friday,Contacted,284
CALL0001321,ACC00534,A010,2025-05-27,15,3,Wednesday,No Answer,15
CALL0001322,ACC00534,A001,2024-03-08,18,4,Thursday,Voicemail,3
CALL0001323,ACC00535,A009,2024-09-30,9,1,Monday,Busy,24
CALL0001324,ACC00535,A001,2025-11-28,17,3,Wednesday,Busy,25
CALL0001325,ACC00535,A006,2024-08-21,12,6,Saturday,Busy,13
CALL0001326,ACC00535,A003,2025-11-06,12,5,Friday,Voicemail,19
CALL0001327,ACC00536,A009,2025-06-10,9,1,Monday,Contacted,492
CALL0001328,ACC00536,A002,2025-06-02,11,4,Thursday,Voicemail,7
CALL0001329,ACC00537,A001,2025-06-15,13,4,Thursday,Voicemail,8
CALL0001330,ACC00537,A001,2025-07-18,16,4,Thursday,Contacted,250
CALL0001331,ACC00538,A001,2024-07-09,20,1,Monday,Voicemail,13
CALL0001332,ACC00539,A006,2024-12-16,10,4,Thursday,No Answer,23
CALL0001333,ACC00539,A010,2024-06-11,11,6,Saturday,Contacted,163
CALL0001334,ACC00539,A010,2025-09-04,17,3,Wednesday,Contacted,51
CALL0001335,ACC00539,A001,2024-06-18,19,3,Wednesday,Voicemail,8
CALL0001336,ACC00540,A005,2024-01-31,15,4,Thursday,Contacted,391
CALL0001337,ACC00540,A001,2024-03-02,18,5,Friday,Contacted,197
CALL0001338,ACC00540,A009,2024-04-30,10,7,Sunday,Busy,2
CALL0001339,ACC00540,A001,2024-11-30,8,2,Tuesday,Busy,22
CALL0001340,ACC00540,A002,2025-01-28,20,1,Monday,Voicemail,16
CALL0001341,ACC00541,A005,2024-02-03,16,6,Saturday,Contacted,384
CALL0001342,ACC00541,A008,2025-06-27,12,3,Wednesday,Voicemail,14
CALL0001343,ACC00541,A006,2025-09-06,15,2,Tuesday,Busy,8
CALL0001344,ACC00542,A003,2024-12-01,11,6,Saturday,No Answer,17
CALL0001345,ACC00542,A005,2025-05-12,10,5,Friday,Busy,13
CALL0001346,ACC00542,A003,2024-05-14,16,6,Saturday,Contacted,381
CALL0001347,ACC00543,A006,2025-01-08,17,5,Friday,No Answer,10
CALL0001348,ACC00543,A010,2025-08-28,9,1,Monday,Wrong Number,23
CALL0001349,ACC00543,A006,2024-12-02,19,2,Tuesday,Wrong Number,3
CALL0001350,ACC00543,A002,2024-01-16,18,5,Friday,Voicemail,18
CALL0001351,ACC00544,A005,2024-11-29,18,4,Thursday,Contacted,291
CALL0001352,ACC00544,A007,2025-02-20,17,1,Monday,No Answer,14
CALL0001353,ACC00544,A006,2025-09-01,20,3,Wednesday,Busy,11
CALL0001354,ACC00544,A003,2025-06-04,15,6,Saturday,Busy,21
CALL0001355,ACC00545,A008,2024-12-03,12,5,Friday,Wrong Number,29
CALL0001356,ACC00545,A004,2024-10-05,14,6,Saturday,No Answer,4
CALL0001357,ACC00546,A010,2024-05-31,19,5,Friday,Busy,15
CALL0001358,ACC00546,A006,2025-04-26,17,1,Monday,Contacted,321
CALL0001359,ACC00547,A008,2025-09-06,20,4,Thursday,Contacted,456
CALL0001360,ACC00547,A003,2024-09-28,19,6,Saturday,Contacted,466
CALL0001361,ACC00547,A002,2024-07-21,17,3,Wednesday,Contacted,530
CALL0001362,ACC00547,A003,2024-06-06,13,4,Thursday,No Answer,29
CALL0001363,ACC00548,A002,2025-03-17,15,4,Thursday,Wrong Number,9
CALL0001364,ACC00548,A006,2024-06-07,19,7,Sunday,Wrong Number,12
CALL0001365,ACC00548,A004,2024-07-21,18,7,Sunday,No Answer,22
CALL0001366,ACC00549,A005,2025-05-23,19,4,Thursday,Contacted,377
CALL0001367,ACC00549,A006,2025-01-08,13,2,Tuesday,Voicemail,19
CALL0001368,ACC00550,A004,2025-01-07,19,5,Friday,Wrong Number,17
CALL0001369,ACC00550,A009,2024-07-27,14,7,Sunday,Wrong Number,13
CALL0001370,ACC00550,A005,2024-02-25,16,5,Friday,Contacted,37
CALL0001371,ACC00550,A004,2025-08-17,9,4,Thursday,No Answer,9
CALL0001372,ACC00551,A003,2024-03-31,14,3,Wednesday,Voicemail,24
CALL0001373,ACC00552,A001,2025-08-15,15,2,Tuesday,Wrong Number,28
CALL0001374,ACC00553,A001,2025-09-22,17,2,Tuesday,Contacted,460
CALL0001375,ACC00553,A001,2025-06-20,16,7,Sunday,Voicemail,20
CALL0001376,ACC00553,A002,2024-03-31,8,3,Wednesday,Busy,19
CALL0001377,ACC00554,A001,2025-01-13,19,2,Tuesday,Contacted,321
CALL0001378,ACC00556,A008,2025-11-25,18,5,Friday,Wrong Number,7
CALL0001379,ACC00556,A009,2025-08-24,9,6,Saturday,Busy,17
CALL0001380,ACC00556,A009,2025-10-13,15,2,Tuesday,No Answer,17
CALL0001381,ACC00557,A007,2025-06-24,12,7,Sunday,No Answer,24
CALL0001382,ACC00557,A001,2025-04-08,15,2,Tuesday,Busy,23
CALL0001383,ACC00557,A003,2025-07-10,11,4,Thursday,Contacted,331
CALL0001384,ACC00558,A005,2025-02-18,15,3,Wednesday,Contacted,452
CALL0001385,ACC00558,A003,2024-10-08,19,2,Tuesday,Busy,24
CALL0001386,ACC00558,A009,2025-05-21,16,3,Wednesday,Contacted,365
CALL0001387,ACC00559,A007,2025-07-16,15,6,Saturday,Busy,9
CALL0001388,ACC00560,A010,2025-11-10,9,7,Sunday,Busy,25
CALL0001389,ACC00560,A007,2025-09-23,17,2,Tuesday,Voicemail,25
CALL0001390,ACC00561,A007,2025-10-31,10,4,Thursday,Contacted,186
CALL0001391,ACC00561,A010,2025-08-20,18,6,Saturday,Wrong Number,8
CALL0001392,ACC00562,A009,2025-03-04,17,5,Friday,Contacted,154
CALL0001393,ACC00562,A003,2024-07-05,19,4,Thursday,Busy,21
CALL0001394,ACC00563,A004,2025-07-27,15,2,Tuesday,Contacted,508
CALL0001395,ACC00563,A002,2024-08-23,15,4,Thursday,Contacted,426
CALL0001396,ACC00564,A009,2025-02-27,15,2,Tuesday,Voicemail,15
CALL0001397,ACC00565,A008,2024-09-28,18,3,Wednesday,Contacted,363
CALL0001398,ACC00566,A007,2025-10-29,18,6,Saturday,Wrong Number,16
CALL0001399,ACC00566,A003,2025-07-29,17,1,Monday,Contacted,98
CALL0001400,ACC00566,A010,2025-02-09,17,3,Wednesday,Contacted,291
CALL0001401,ACC00567,A002,2025-02-28,19,2,Tuesday,Contacted,450
CALL0001402,ACC00567,A001,2024-09-18,20,3,Wednesday,Voicemail,5
CALL0001403,ACC00568,A002,2024-06-03,9,5,Friday,Voicemail,14
CALL0001404,ACC00569,A009,2024-05-20,9,3,Wednesday,No Answer,18
CALL0001405,ACC00569,A002,2024-12-21,17,4,Thursday,Wrong Number,11
CALL0001406,ACC00569,A002,2024-08-29,11,6,Saturday,No Answer,17
CALL0001407,ACC00569,A010,2025-10-02,12,2,Tuesday,Contacted,220
CALL0001408,ACC00570,A008,2025-05-02,19,3,Wednesday,Busy,27
CALL0001409,ACC00570,A004,2025-11-18,16,5,Friday,Busy,6
CALL0001410,ACC00571,A008,2024-01-02,14,6,Saturday,No Answer,23
CALL0001411,ACC00571,A008,2024-02-14,8,1,Monday,Voicemail,11
CALL0001412,ACC00572,A010,2025-11-01,18,6,Saturday,Wrong Number,11
CALL0001413,ACC00572,A010,2025-09-04,8,6,Saturday,Busy,11
CALL0001414,ACC00572,A009,2025-09-27,15,7,Sunday,Busy,10
CALL0001415,ACC00572,A008,2024-07-17,9,7,Sunday,Contacted,525
CALL0001416,ACC00573,A003,2025-01-10,10,1,Monday,Contacted,186
CALL0001417,ACC00573,A008,2024-04-21,14,4,Thursday,Busy,26
CALL0001418,ACC00573,A005,2024-04-22,12,3,Wednesday,Busy,1
CALL0001419,ACC00574,A007,2025-09-16,10,2,Tuesday,Busy,13
CALL0001420,ACC00575,A007,2025-02-11,19,2,Tuesday,Contacted,118
CALL0001421,ACC00575,A006,2024-12-30,13,1,Monday,Voicemail,14
CALL0001422,ACC00576,A008,2024-06-02,14,7,Sunday,Busy,12
CALL0001423,ACC00576,A006,2024-02-28,10,5,Friday,Contacted,37
CALL0001424,ACC00577,A002,2025-03-23,16,1,Monday,Voicemail,14
CALL0001425,ACC00577,A010,2024-03-13,20,1,Monday,Wrong Number,14
CALL0001426,ACC00577,A004,2024-07-26,18,7,Sunday,Busy,18
CALL0001427,ACC00577,A010,2024-08-24,8,6,Saturday,Voicemail,23
CALL0001428,ACC00578,A008,2024-03-24,19,3,Wednesday,No Answer,28
CALL0001429,ACC00578,A004,2025-08-18,12,1,Monday,Contacted,570
CALL0001430,ACC00578,A009,2024-02-02,10,2,Tuesday,Wrong Number,23
CALL0001431,ACC00579,A003,2025-10-05,20,3,Wednesday,Contacted,55
CALL0001432,ACC00579,A005,2024-02-05,12,6,Saturday,No Answer,10
CALL0001433,ACC00579,A004,2025-07-11,15,5,Friday,Contacted,256
CALL0001434,ACC00580,A001,2025-01-08,18,2,Tuesday,Contacted,273
CALL0001435,ACC00580,A001,2024-11-19,15,5,Friday,Busy,14
CALL0001436,ACC00582,A008,2024-10-15,10,5,Friday,Contacted,491
CALL0001437,ACC00582,A005,2024-02-03,17,1,Monday,No Answer,26
CALL0001438,ACC00582,A004,2025-03-27,9,5,Friday,Busy,17
CALL0001439,ACC00582,A008,2024-08-05,19,4,Thursday,Wrong Number,2
CALL0001440,ACC00583,A001,2025-07-06,14,4,Thursday,Wrong Number,11
CALL0001441,ACC00583,A002,2024-12-29,16,3,Wednesday,Busy,0
CALL0001442,ACC00583,A007,2024-02-28,17,5,Friday,No Answer,24
CALL0001443,ACC00584,A007,2025-07-15,11,5,Friday,Contacted,246
CALL0001444,ACC00584,A005,2024-10-21,17,1,Monday,Voicemail,23
CALL0001445,ACC00584,A006,2024-02-14,14,5,Friday,Voicemail,29
CALL0001446,ACC00585,A008,2024-12-08,16,7,Sunday,No Answer,21
CALL0001447,ACC00585,A001,2025-01-26,19,1,Monday,Contacted,214
CALL0001448,ACC00585,A008,2025-04-25,16,4,Thursday,Contacted,216
CALL0001449,ACC00585,A007,2024-04-23,16,5,Friday,Busy,29
CALL0001450,ACC00586,A002,2024-03-07,10,3,Wednesday,No Answer,23
CALL0001451,ACC00586,A001,2024-01-28,20,6,Saturday,Wrong Number,26
CALL0001452,ACC00586,A009,2025-08-24,17,4,Thursday,No Answer,26
CALL0001453,ACC00587,A007,2025-04-23,9,6,Saturday,Wrong Number,22
CALL0001454,ACC00588,A008,2025-06-24,8,6,Saturday,Wrong Number,14
CALL0001455,ACC00588,A007,2025-05-22,18,1,Monday,Wrong Number,4
CALL0001456,ACC00588,A007,2025-06-02,10,7,Sunday,Contacted,373
CALL0001457,ACC00589,A008,2025-09-06,19,2,Tuesday,Contacted,532
CALL0001458,ACC00589,A003,2024-07-26,17,7,Sunday,No Answer,18
CALL0001459,ACC00589,A006,2024-06-01,8,6,Saturday,No Answer,6
CALL0001460,ACC00590,A001,2025-08-05,20,4,Thursday,Busy,11
CALL0001461,ACC00590,A009,2024-02-19,15,1,Monday,Voicemail,28
CALL0001462,ACC00591,A008,2025-04-29,11,4,Thursday,No Answer,15
CALL0001463,ACC00591,A004,2024-09-25,15,7,Sunday,Wrong Number,19
CALL0001464,ACC00592,A009,2025-09-20,20,5,Friday,Voicemail,6
CALL0001465,ACC00592,A006,2024-08-28,14,4,Thursday,No Answer,5
CALL0001466,ACC00593,A005,2024-02-06,19,4,Thursday,Contacted,419
CALL0001467,ACC00594,A007,2025-08-14,10,3,Wednesday,No Answer,18
CALL0001468,ACC00594,A004,2025-08-22,16,2,Tuesday,Contacted,68
CALL0001469,ACC00595,A007,2024-09-08,18,3,Wednesday,Contacted,358
CALL0001470,ACC00595,A004,2025-06-27,10,5,Friday,Wrong Number,11
CALL0001471,ACC00595,A003,2024-08-29,13,3,Wednesday,Busy,1
CALL0001472,ACC00596,A003,2024-10-10,18,7,Sunday,No Answer,3
CALL0001473,ACC00596,A006,2025-07-25,10,4,Thursday,Busy,9
CALL0001474,ACC00596,A003,2024-05-05,15,4,Thursday,Contacted,160
CALL0001475,ACC00597,A004,2024-03-25,15,3,Wednesday,No Answer,25
CALL0001476,ACC00597,A001,2025-08-04,17,5,Friday,Wrong Number,11
CALL0001477,ACC00597,A010,2024-11-19,13,3,Wednesday,Wrong Number,24
CALL0001478,ACC00598,A006,2024-11-03,11,6,Saturday,Busy,9
CALL0001479,ACC00599,A008,2024-09-10,15,5,Friday,Contacted,368
CALL0001480,ACC00600,A001,2025-08-24,10,7,Sunday,Voicemail,16
CALL0001481,ACC00600,A003,2024-07-11,14,5,Friday,Voicemail,13
CALL0001482,ACC00601,A008,2024-09-19,11,4,Thursday,Wrong Number,28
CALL0001483,ACC00601,A010,2024-01-05,18,4,Thursday,Contacted,439
CALL0001484,ACC00601,A002,2024-10-05,11,6,Saturday,Voicemail,8
CALL0001485,ACC00601,A010,2024-03-02,18,1,Monday,Contacted,528
CALL0001486,ACC00602,A001,2025-09-29,11,2,Tuesday,No Answer,29
CALL0001487,ACC00602,A010,2024-04-19,19,5,Friday,Wrong Number,19
CALL0001488,ACC00603,A008,2024-08-07,20,5,Friday,Busy,11
CALL0001489,ACC00603,A002,2024-11-24,11,2,Tuesday,No Answer,3
CALL0001490,ACC00603,A006,2024-11-28,18,1,Monday,Contacted,499
CALL0001491,ACC00604,A003,2025-10-20,9,7,Sunday,Busy,12
CALL0001492,ACC00604,A003,2024-11-05,19,3,Wednesday,Contacted,456
CALL0001493,ACC00606,A010,2024-05-06,19,3,Wednesday,Contacted,428
CALL0001494,ACC00607,A002,2024-06-22,10,2,Tuesday,Contacted,531
CALL0001495,ACC00607,A001,2025-03-31,11,2,Tuesday,Contacted,422
CALL0001496,ACC00607,A001,2025-10-01,19,6,Saturday,Contacted,80
CALL0001497,ACC00608,A010,2024-09-12,19,4,Thursday,No Answer,14
CALL0001498,ACC00608,A002,2025-01-01,10,2,Tuesday,Contacted,295
CALL0001499,ACC00609,A007,2024-01-01,19,2,Tuesday,Wrong Number,10
CALL0001500,ACC00609,A002,2024-03-09,14,1,Monday,Wrong Number,8
CALL0001501,ACC00609,A004,2025-06-25,18,6,Saturday,Contacted,226
CALL0001502,ACC00610,A006,2025-03-21,14,5,Friday,Contacted,560
CALL0001503,ACC00610,A002,2025-09-03,18,1,Monday,Voicemail,17
CALL0001504,ACC00610,A009,2025-03-25,17,1,Monday,Contacted,514
CALL0001505,ACC00611,A002,2024-03-01,17,2,Tuesday,Busy,5
CALL0001506,ACC00612,A009,2024-04-28,17,1,Monday,Contacted,306
CALL0001507,ACC00612,A009,2024-04-25,12,2,Tuesday,Busy,26
CALL0001508,ACC00612,A002,2025-01-05,17,3,Wednesday,Busy,18
CALL0001509,ACC00612,A003,2024-10-18,19,3,Wednesday,Contacted,153
CALL0001510,ACC00613,A010,2024-02-01,10,2,Tuesday,Contacted,82
CALL0001511,ACC00613,A009,2025-06-02,17,5,Friday,Contacted,545
CALL0001512,ACC00613,A009,2025-06-17,14,3,Wednesday,No Answer,22
CALL0001513,ACC00613,A007,2024-05-30,15,7,Sunday,Busy,21
CALL0001514,ACC00614,A005,2025-11-15,13,4,Thursday,Contacted,456
CALL0001515,ACC00614,A003,2024-10-06,17,4,Thursday,Voicemail,6
CALL0001516,ACC00615,A009,2025-07-27,17,6,Saturday,Contacted,93
CALL0001517,ACC00615,A003,2024-11-18,19,2,Tuesday,Contacted,576
CALL0001518,ACC00615,A003,2024-08-29,12,4,Thursday,No Answer,23
CALL0001519,ACC00616,A004,2024-09-14,14,7,Sunday,No Answer,20
CALL0001520,ACC00617,A004,2024-06-10,8,1,Monday,Voicemail,5
CALL0001521,ACC00617,A001,2025-07-03,15,5,Friday,Wrong Number,12
CALL0001522,ACC00617,A007,2024-11-14,18,4,Thursday,Wrong Number,20
CALL0001523,ACC00617,A003,2025-02-08,19,2,Tuesday,Wrong Number,15
CALL0001524,ACC00617,A001,2024-03-17,8,4,Thursday,Contacted,329
CALL0001525,ACC00619,A003,2024-02-06,19,3,Wednesday,Contacted,534
CALL0001526,ACC00619,A003,2024-10-17,18,5,Friday,Contacted,313
CALL0001527,ACC00619,A003,2025-03-18,13,6,Saturday,Busy,18
CALL0001528,ACC00619,A009,2025-05-12,20,3,Wednesday,Busy,18
CALL0001529,ACC00620,A009,2024-07-08,11,4,Thursday,Busy,25
CALL0001530,ACC00620,A008,2025-08-13,11,3,Wednesday,Contacted,200
CALL0001531,ACC00621,A003,2025-03-12,16,3,Wednesday,No Answer,8
CALL0001532,ACC00621,A009,2025-10-28,19,3,Wednesday,Busy,2
CALL0001533,ACC00622,A010,2025-01-11,16,1,Monday,Contacted,466
CALL0001534,ACC00622,A005,2025-08-30,11,1,Monday,Contacted,285
CALL0001535,ACC00622,A008,2025-04-23,18,3,Wednesday,No Answer,15
CALL0001536,ACC00623,A010,2025-07-25,16,5,Friday,Contacted,319
CALL0001537,ACC00623,A008,2025-09-16,17,6,Saturday,Contacted,384
CALL0001538,ACC00624,A001,2025-03-02,17,3,Wednesday,Busy,17
CALL0001539,ACC00624,A005,2024-11-29,19,3,Wednesday,Voicemail,17
CALL0001540,ACC00625,A006,2024-10-11,18,2,Tuesday,Contacted,370
CALL0001541,ACC00625,A006,2024-04-13,11,6,Saturday,Contacted,65
CALL0001542,ACC00625,A006,2025-09-19,9,2,Tuesday,Busy,21
CALL0001543,ACC00626,A004,2024-04-11,8,3,Wednesday,No Answer,21
CALL0001544,ACC00627,A006,2025-03-15,11,5,Friday,No Answer,30
CALL0001545,ACC00627,A004,2024-02-01,11,3,Wednesday,Busy,4
CALL0001546,ACC00627,A001,2024-09-24,10,6,Saturday,Wrong Number,27
CALL0001547,ACC00627,A002,2024-07-22,19,6,Saturday,Contacted,588
CALL0001548,ACC00627,A005,2024-05-23,16,3,Wednesday,Busy,11
CALL0001549,ACC00628,A002,2025-11-29,19,3,Wednesday,Contacted,152
CALL0001550,ACC00628,A008,2024-06-14,15,2,Tuesday,Busy,24
CALL0001551,ACC00628,A002,2024-08-10,9,2,Tuesday,Busy,7
CALL0001552,ACC00629,A006,2025-07-01,15,2,Tuesday,Contacted,472
CALL0001553,ACC00629,A009,2025-08-18,19,5,Friday,Contacted,270
CALL0001554,ACC00629,A006,2024-04-07,15,1,Monday,Voicemail,17
CALL0001555,ACC00629,A003,2024-04-04,17,6,Saturday,Contacted,542
CALL0001556,ACC00630,A005,2024-09-15,8,1,Monday,Contacted,560
CALL0001557,ACC00630,A004,2025-03-08,9,4,Thursday,Wrong Number,20
CALL0001558,ACC00631,A003,2024-03-06,12,4,Thursday,No Answer,6
CALL0001559,ACC00632,A004,2024-10-13,11,2,Tuesday,Busy,23
CALL0001560,ACC00632,A001,2024-11-10,12,1,Monday,No Answer,27
CALL0001561,ACC00632,A002,2024-01-22,12,3,Wednesday,Contacted,329
CALL0001562,ACC00632,A010,2024-07-23,10,3,Wednesday,Contacted,496
CALL0001563,ACC00632,A003,2024-11-06,10,5,Friday,Busy,21
CALL0001564,ACC00633,A002,2025-09-03,20,3,Wednesday,Wrong Number,4
CALL0001565,ACC00633,A009,2025-05-15,14,5,Friday,Wrong Number,22
CALL0001566,ACC00633,A002,2025-04-09,15,3,Wednesday,Voicemail,27
CALL0001567,ACC00634,A010,2025-05-06,15,1,Monday,No Answer,17
CALL0001568,ACC00635,A008,2025-04-12,17,5,Friday,Contacted,548
CALL0001569,ACC00636,A009,2024-10-08,13,4,Thursday,Wrong Number,29
CALL0001570,ACC00637,A002,2024-03-27,17,5,Friday,Busy,8
CALL0001571,ACC00637,A005,2025-07-05,16,5,Friday,Wrong Number,24
CALL0001572,ACC00637,A008,2025-11-24,8,4,Thursday,Voicemail,28
CALL0001573,ACC00637,A009,2024-11-22,15,4,Thursday,No Answer,24
CALL0001574,ACC00638,A005,2024-09-01,17,5,Friday,Contacted,315
CALL0001575,ACC00638,A010,2025-09-07,11,2,Tuesday,Contacted,113
CALL0001576,ACC00638,A007,2024-11-19,11,7,Sunday,Voicemail,27
CALL0001577,ACC00639,A006,2024-01-09,10,1,Monday,No Answer,24
CALL0001578,ACC00639,A006,2024-07-20,15,4,Thursday,Contacted,384
CALL0001579,ACC00639,A005,2025-11-29,17,5,Friday,Voicemail,8
CALL0001580,ACC00639,A008,2024-02-06,15,7,Sunday,Wrong Number,14
CALL0001581,ACC00640,A003,2025-05-30,19,4,Thursday,Busy,20
CALL0001582,ACC00640,A001,2024-04-18,18,1,Monday,Contacted,173
CALL0001583,ACC00640,A003,2024-10-10,8,5,Friday,No Answer,3
CALL0001584,ACC00641,A005,2024-04-18,17,3,Wednesday,No Answer,28
CALL0001585,ACC00641,A007,2024-04-07,20,1,Monday,Voicemail,17
CALL0001586,ACC00642,A003,2024-03-24,16,2,Tuesday,Contacted,473
CALL0001587,ACC00642,A009,2024-10-26,12,7,Sunday,Voicemail,18
CALL0001588,ACC00643,A008,2024-03-25,10,1,Monday,Contacted,504
CALL0001589,ACC00643,A005,2024-01-15,11,2,Tuesday,No Answer,22
CALL0001590,ACC00644,A007,2024-08-17,18,1,Monday,Contacted,345
CALL0001591,ACC00644,A005,2025-11-06,15,4,Thursday,Wrong Number,21
CALL0001592,ACC00644,A004,2025-09-07,18,5,Friday,No Answer,8
CALL0001593,ACC00645,A007,2024-04-13,18,3,Wednesday,Busy,8
CALL0001594,ACC00645,A002,2025-08-10,10,3,Wednesday,Contacted,570
CALL0001595,ACC00646,A003,2025-11-27,11,1,Monday,Voicemail,7
CALL0001596,ACC00647,A002,2024-09-27,19,5,Friday,No Answer,16
CALL0001597,ACC00648,A005,2025-01-11,16,6,Saturday,No Answer,7
CALL0001598,ACC00649,A008,2025-04-16,12,5,Friday,Contacted,420
CALL0001599,ACC00650,A004,2024-12-04,11,1,Monday,Contacted,188
CALL0001600,ACC00650,A002,2024-05-06,9,3,Wednesday,Contacted,98
CALL0001601,ACC00651,A004,2024-01-28,17,1,Monday,Contacted,134
CALL0001602,ACC00651,A003,2025-02-15,17,2,Tuesday,Voicemail,27
CALL0001603,ACC00651,A008,2024-06-29,9,5,Friday,Wrong Number,25
CALL0001604,ACC00652,A003,2024-09-07,18,3,Wednesday,Contacted,301
CALL0001605,ACC00652,A006,2024-11-19,18,1,Monday,No Answer,30
CALL0001606,ACC00652,A003,2025-11-15,18,4,Thursday,Voicemail,23
CALL0001607,ACC00653,A006,2024-03-28,16,6,Saturday,Busy,14
CALL0001608,ACC00653,A001,2025-07-02,20,3,Wednesday,Contacted,407
CALL0001609,ACC00654,A001,2024-10-03,19,4,Thursday,Voicemail,30
CALL0001610,ACC00654,A010,2024-07-06,18,1,Monday,Contacted,409
CALL0001611,ACC00655,A003,2024-12-22,15,5,Friday,Voicemail,28
CALL0001612,ACC00656,A008,2024-01-31,13,6,Saturday,No Answer,27
CALL0001613,ACC00656,A004,2025-11-12,15,4,Thursday,Wrong Number,25
CALL0001614,ACC00657,A008,2024-10-28,19,3,Wednesday,Contacted,514
CALL0001615,ACC00657,A010,2025-05-15,15,2,Tuesday,Wrong Number,8
CALL0001616,ACC00658,A007,2024-11-09,15,5,Friday,Contacted,38
CALL0001617,ACC00659,A008,2025-06-07,19,3,Wednesday,Busy,30
CALL0001618,ACC00659,A009,2025-01-07,18,5,Friday,Busy,25
CALL0001619,ACC00659,A010,2024-12-26,19,6,Saturday,Wrong Number,0
CALL0001620,ACC00660,A006,2024-05-04,8,6,Saturday,Contacted,190
CALL0001621,ACC00661,A001,2024-12-28,18,4,Thursday,Contacted,474
CALL0001622,ACC00661,A005,2025-08-10,19,4,Thursday,Busy,4
CALL0001623,ACC00662,A008,2025-03-26,16,3,Wednesday,Contacted,136
CALL0001624,ACC00662,A006,2024-10-30,11,5,Friday,Busy,4
CALL0001625,ACC00663,A010,2024-08-24,18,7,Sunday,Voicemail,7
CALL0001626,ACC00664,A010,2025-06-27,12,2,Tuesday,Contacted,600
CALL0001627,ACC00664,A005,2025-01-01,10,6,Saturday,Wrong Number,18
CALL0001628,ACC00665,A010,2024-09-25,13,5,Friday,Voicemail,22
CALL0001629,ACC00665,A004,2024-12-28,19,5,Friday,Busy,14
CALL0001630,ACC00665,A002,2024-04-21,15,6,Saturday,Busy,14
CALL0001631,ACC00666,A004,2024-05-15,19,7,Sunday,No Answer,5
CALL0001632,ACC00666,A007,2025-09-06,20,3,Wednesday,Busy,15
CALL0001633,ACC00667,A001,2025-02-22,19,2,Tuesday,Contacted,313
CALL0001634,ACC00668,A007,2025-02-02,13,3,Wednesday,Contacted,595
CALL0001635,ACC00668,A003,2024-08-24,15,7,Sunday,Voicemail,0
CALL0001636,ACC00669,A006,2024-05-14,16,4,Thursday,Contacted,328
CALL0001637,ACC00669,A007,2025-08-24,13,5,Friday,Busy,14
CALL0001638,ACC00669,A006,2025-05-17,15,2,Tuesday,Contacted,245
CALL0001639,ACC00670,A003,2024-08-10,19,2,Tuesday,Wrong Number,6
CALL0001640,ACC00670,A002,2025-03-27,16,2,Tuesday,Contacted,221
CALL0001641,ACC00670,A003,2024-12-18,10,1,Monday,Wrong Number,14
CALL0001642,ACC00671,A010,2024-07-17,19,4,Thursday,Wrong Number,30
CALL0001643,ACC00672,A006,2025-01-26,20,6,Saturday,Wrong Number,2
CALL0001644,ACC00672,A001,2024-12-31,15,1,Monday,Contacted,215
CALL0001645,ACC00672,A010,2025-07-27,16,2,Tuesday,Busy,0
CALL0001646,ACC00673,A004,2024-02-22,15,2,Tuesday,Contacted,490
CALL0001647,ACC00673,A002,2024-04-17,20,4,Thursday,Voicemail,30
CALL0001648,ACC00673,A008,2024-11-14,16,1,Monday,Busy,21
CALL0001649,ACC00673,A003,2025-11-16,19,3,Wednesday,No Answer,16
CALL0001650,ACC00673,A003,2025-02-25,16,1,Monday,Wrong Number,4
CALL0001651,ACC00675,A003,2025-05-04,9,2,Tuesday,Voicemail,11
CALL0001652,ACC00675,A001,2024-09-08,16,4,Thursday,Contacted,453
CALL0001653,ACC00675,A006,2024-05-14,11,1,Monday,Wrong Number,30
CALL0001654,ACC00676,A001,2025-01-04,15,4,Thursday,Contacted,231
CALL0001655,ACC00677,A010,2025-07-18,16,1,Monday,No Answer,28
CALL0001656,ACC00677,A002,2024-10-16,20,3,Wednesday,Contacted,316
CALL0001657,ACC00677,A006,2024-08-14,20,1,Monday,Wrong Number,15
CALL0001658,ACC00677,A006,2025-06-12,17,3,Wednesday,Contacted,584
CALL0001659,ACC00678,A001,2024-01-06,16,4,Thursday,Contacted,373
CALL0001660,ACC00678,A007,2024-10-30,17,6,Saturday,Contacted,284
CALL0001661,ACC00678,A009,2025-02-26,17,5,Friday,Contacted,212
CALL0001662,ACC00678,A003,2025-03-15,20,1,Monday,Voicemail,24
CALL0001663,ACC00680,A005,2024-08-19,17,2,Tuesday,No Answer,21
CALL0001664,ACC00680,A005,2025-02-14,10,3,Wednesday,Busy,29
CALL0001665,ACC00680,A007,2025-09-11,19,6,Saturday,No Answer,13
CALL0001666,ACC00681,A009,2024-02-04,15,6,Saturday,Wrong Number,18
CALL0001667,ACC00681,A007,2025-01-03,16,3,Wednesday,No Answer,1
CALL0001668,ACC00682,A008,2025-03-23,15,1,Monday,No Answer,16
CALL0001669,ACC00682,A008,2025-10-01,11,4,Thursday,Voicemail,6
CALL0001670,ACC00682,A002,2025-04-29,9,7,Sunday,Busy,28
CALL0001671,ACC00683,A005,2024-09-29,13,5,Friday,Busy,29
CALL0001672,ACC00683,A001,2024-09-09,20,3,Wednesday,Contacted,480
CALL0001673,ACC00684,A008,2025-05-09,17,2,Tuesday,Contacted,551
CALL0001674,ACC00684,A001,2025-01-17,14,4,Thursday,Busy,24
CALL0001675,ACC00685,A006,2024-08-13,17,7,Sunday,Contacted,243
CALL0001676,ACC00685,A003,2025-05-23,10,3,Wednesday,Busy,2
CALL0001677,ACC00685,A010,2024-09-12,8,4,Thursday,Voicemail,25
CALL0001678,ACC00685,A007,2024-04-27,14,1,Monday,Voicemail,24
CALL0001679,ACC00686,A008,2024-01-08,16,5,Friday,Voicemail,29
CALL0001680,ACC00686,A001,2025-07-04,11,4,Thursday,Contacted,240
CALL0001681,ACC00687,A004,2024-10-02,9,6,Saturday,Wrong Number,10
CALL0001682,ACC00688,A008,2025-06-11,13,5,Friday,Wrong Number,27
CALL0001683,ACC00689,A008,2024-01-29,18,5,Friday,Contacted,55
CALL0001684,ACC00689,A004,2024-10-05,20,1,Monday,Contacted,275
CALL0001685,ACC00689,A008,2025-03-31,8,1,Monday,No Answer,23
CALL0001686,ACC00689,A002,2024-11-12,19,2,Tuesday,Contacted,478
CALL0001687,ACC00690,A007,2025-10-14,18,6,Saturday,Contacted,499
CALL0001688,ACC00690,A005,2024-07-09,19,6,Saturday,Wrong Number,25
CALL0001689,ACC00690,A007,2024-01-07,18,2,Tuesday,Contacted,543
CALL0001690,ACC00691,A005,2025-06-20,10,5,Friday,Voicemail,2
CALL0001691,ACC00691,A005,2024-06-23,15,3,Wednesday,Contacted,95
CALL0001692,ACC00692,A010,2025-09-10,15,3,Wednesday,Voicemail,21
CALL0001693,ACC00693,A003,2025-10-10,10,2,Tuesday,Contacted,566
CALL0001694,ACC00694,A003,2025-07-30,18,1,Monday,No Answer,6
CALL0001695,ACC00695,A008,2024-01-07,12,2,Tuesday,Voicemail,13
CALL0001696,ACC00695,A008,2025-05-09,9,6,Saturday,No Answer,23
CALL0001697,ACC00695,A009,2025-10-27,17,3,Wednesday,Contacted,457
CALL0001698,ACC00696,A008,2024-08-24,16,6,Saturday,Voicemail,11
CALL0001699,ACC00696,A007,2025-10-30,14,6,Saturday,Wrong Number,24
CALL0001700,ACC00696,A008,2025-01-16,18,5,Friday,Contacted,287
CALL0001701,ACC00697,A003,2024-02-17,16,1,Monday,Voicemail,27
CALL0001702,ACC00697,A002,2025-08-23,15,3,Wednesday,Contacted,219
CALL0001703,ACC00697,A003,2025-05-17,13,2,Tuesday,Wrong Number,16
CALL0001704,ACC00697,A005,2025-08-30,16,3,Wednesday,Contacted,399
CALL0001705,ACC00697,A006,2024-10-09,10,1,Monday,Contacted,597
CALL0001706,ACC00698,A004,2025-02-28,19,2,Tuesday,Wrong Number,25
CALL0001707,ACC00698,A007,2025-10-22,16,5,Friday,Contacted,93
CALL0001708,ACC00698,A001,2025-05-05,10,3,Wednesday,Busy,18
CALL0001709,ACC00699,A010,2024-03-30,12,1,Monday,Contacted,224
CALL0001710,ACC00700,A009,2024-09-01,11,1,Monday,Contacted,144
CALL0001711,ACC00700,A006,2024-09-26,17,3,Wednesday,Contacted,574
CALL0001712,ACC00700,A006,2024-12-17,16,3,Wednesday,Contacted,326
CALL0001713,ACC00700,A007,2024-06-06,16,1,Monday,Contacted,227
CALL0001714,ACC00701,A008,2024-09-16,13,5,Friday,Voicemail,2
CALL0001715,ACC00701,A004,2025-08-08,19,2,Tuesday,No Answer,21
CALL0001716,ACC00701,A004,2024-12-02,13,3,Wednesday,Wrong Number,28
CALL0001717,ACC00702,A009,2024-07-27,18,4,Thursday,Voicemail,22
CALL0001718,ACC00702,A007,2025-03-23,17,1,Monday,Busy,10
CALL0001719,ACC00702,A007,2024-02-17,17,4,Thursday,No Answer,24
CALL0001720,ACC00703,A004,2025-03-10,20,2,Tuesday,Busy,18
CALL0001721,ACC00704,A002,2025-12-01,20,2,Tuesday,Voicemail,26
CALL0001722,ACC00704,A001,2025-05-11,20,3,Wednesday,No Answer,2
CALL0001723,ACC00705,A003,2025-05-21,18,4,Thursday,Contacted,350
CALL0001724,ACC00706,A002,2024-07-11,16,4,Thursday,Contacted,161
CALL0001725,ACC00706,A007,2025-01-09,17,4,Thursday,Voicemail,23
CALL0001726,ACC00706,A003,2024-06-24,18,5,Friday,Wrong Number,22
CALL0001727,ACC00706,A004,2024-06-03,8,3,Wednesday,Busy,20
CALL0001728,ACC00707,A003,2025-11-25,13,4,Thursday,Busy,12
CALL0001729,ACC00707,A001,2024-11-26,11,4,Thursday,No Answer,7
CALL0001730,ACC00707,A005,2025-10-20,15,2,Tuesday,Voicemail,2
CALL0001731,ACC00708,A001,2024-03-03,10,2,Tuesday,Contacted,384
CALL0001732,ACC00708,A004,2025-05-14,12,1,Monday,Busy,23
CALL0001733,ACC00708,A003,2024-07-07,16,6,Saturday,Wrong Number,0
CALL0001734,ACC00708,A010,2024-09-28,12,2,Tuesday,No Answer,0
CALL0001735,ACC00710,A003,2025-11-16,16,2,Tuesday,Contacted,277
CALL0001736,ACC00710,A005,2025-05-15,15,4,Thursday,Voicemail,10
CALL0001737,ACC00711,A006,2024-03-07,15,3,Wednesday,Busy,10
CALL0001738,ACC00711,A007,2024-11-13,16,1,Monday,No Answer,5
CALL0001739,ACC00712,A005,2024-04-18,13,5,Friday,Busy,19
CALL0001740,ACC00712,A006,2024-07-02,15,1,Monday,Contacted,100
CALL0001741,ACC00713,A004,2025-10-19,10,6,Saturday,Busy,20
CALL0001742,ACC00714,A003,2025-03-23,10,4,Thursday,Voicemail,16
CALL0001743,ACC00714,A003,2024-10-21,18,3,Wednesday,Contacted,101
CALL0001744,ACC00714,A010,2025-09-09,19,6,Saturday,Contacted,144
CALL0001745,ACC00715,A008,2025-03-28,13,2,Tuesday,Voicemail,10
CALL0001746,ACC00716,A007,2024-03-30,20,5,Friday,Contacted,121
CALL0001747,ACC00716,A006,2025-11-20,11,2,Tuesday,Wrong Number,27
CALL0001748,ACC00716,A007,2025-09-04,9,1,Monday,Voicemail,6
CALL0001749,ACC00717,A010,2024-08-08,14,2,Tuesday,Contacted,194
CALL0001750,ACC00717,A001,2025-03-04,16,2,Tuesday,Contacted,37
CALL0001751,ACC00718,A003,2024-06-02,10,6,Saturday,Busy,10
CALL0001752,ACC00718,A009,2025-04-17,15,6,Saturday,Wrong Number,29
CALL0001753,ACC00719,A006,2025-05-08,10,4,Thursday,Contacted,583
CALL0001754,ACC00719,A007,2024-08-11,8,1,Monday,Contacted,91
CALL0001755,ACC00720,A008,2024-05-23,13,5,Friday,Wrong Number,29
CALL0001756,ACC00721,A009,2024-10-17,14,4,Thursday,Contacted,199
CALL0001757,ACC00721,A005,2025-11-04,12,3,Wednesday,Contacted,326
CALL0001758,ACC00721,A007,2025-03-07,17,2,Tuesday,Wrong Number,11
CALL0001759,ACC00721,A007,2025-06-25,12,5,Friday,Contacted,333
CALL0001760,ACC00722,A009,2024-12-06,10,2,Tuesday,Contacted,99
CALL0001761,ACC00722,A007,2025-01-10,10,5,Friday,Wrong Number,18
CALL0001762,ACC00722,A007,2025-01-02,17,4,Thursday,Wrong Number,10
CALL0001763,ACC00724,A008,2025-10-17,19,6,Saturday,Contacted,254
CALL0001764,ACC00724,A005,2024-11-18,10,4,Thursday,Voicemail,16
CALL0001765,ACC00724,A006,2025-10-14,10,1,Monday,Contacted,160
CALL0001766,ACC00725,A004,2024-09-28,13,3,Wednesday,Voicemail,26
CALL0001767,ACC00726,A005,2024-05-13,11,3,Wednesday,Contacted,101
CALL0001768,ACC00726,A001,2024-05-27,20,2,Tuesday,Contacted,513
CALL0001769,ACC00727,A001,2024-08-13,18,2,Tuesday,Busy,3
CALL0001770,ACC00727,A004,2025-09-26,18,3,Wednesday,Voicemail,28
CALL0001771,ACC00728,A010,2024-06-19,16,3,Wednesday,Contacted,342
CALL0001772,ACC00728,A010,2025-02-07,19,4,Thursday,Contacted,472
CALL0001773,ACC00728,A005,2024-12-02,11,1,Monday,Busy,21
CALL0001774,ACC00729,A009,2025-02-16,15,4,Thursday,Contacted,478
CALL0001775,ACC00729,A005,2024-06-08,12,3,Wednesday,Wrong Number,19
CALL0001776,ACC00729,A009,2025-07-29,11,6,Saturday,Voicemail,6
CALL0001777,ACC00730,A006,2024-06-11,19,5,Friday,No Answer,16
CALL0001778,ACC00730,A008,2024-12-09,16,3,Wednesday,Busy,18
CALL0001779,ACC00731,A006,2025-01-21,14,5,Friday,Contacted,176
CALL0001780,ACC00731,A007,2025-04-03,18,2,Tuesday,Contacted,341
CALL0001781,ACC00731,A005,2025-07-07,18,4,Thursday,Contacted,86
CALL0001782,ACC00732,A007,2024-07-16,18,5,Friday,Contacted,287
CALL0001783,ACC00732,A010,2025-03-02,14,1,Monday,Contacted,335
CALL0001784,ACC00733,A009,2025-01-30,9,1,Monday,Wrong Number,5
CALL0001785,ACC00733,A010,2025-07-16,14,5,Friday,Wrong Number,30
CALL0001786,ACC00733,A001,2024-06-22,12,2,Tuesday,Voicemail,28
CALL0001787,ACC00734,A009,2025-11-27,20,5,Friday,Voicemail,2
CALL0001788,ACC00734,A005,2025-03-13,17,3,Wednesday,Busy,21
CALL0001789,ACC00734,A002,2024-10-06,9,4,Thursday,Busy,27
CALL0001790,ACC00735,A007,2025-07-11,8,3,Wednesday,Voicemail,15
CALL0001791,ACC00735,A008,2025-08-22,9,1,Monday,Busy,15
CALL0001792,ACC00736,A003,2024-09-10,17,4,Thursday,No Answer,24
CALL0001793,ACC00736,A006,2024-06-12,20,1,Monday,No Answer,16
CALL0001794,ACC00736,A003,2024-07-03,8,4,Thursday,No Answer,11
CALL0001795,ACC00737,A002,2024-07-18,11,6,Saturday,Busy,21
CALL0001796,ACC00738,A003,2024-01-05,16,2,Tuesday,Contacted,76
CALL0001797,ACC00738,A002,2024-09-07,10,4,Thursday,Busy,1
CALL0001798,ACC00739,A008,2024-12-22,16,6,Saturday,No Answer,21
CALL0001799,ACC00740,A001,2024-11-23,14,4,Thursday,No Answer,22
CALL0001800,ACC00740,A008,2024-04-17,17,4,Thursday,No Answer,30
CALL0001801,ACC00741,A005,2024-12-16,19,6,Saturday,Busy,30
CALL0001802,ACC00741,A008,2024-11-12,16,2,Tuesday,Contacted,552
CALL0001803,ACC00742,A008,2024-03-15,12,5,Friday,No Answer,3
CALL0001804,ACC00743,A003,2024-02-29,19,5,Friday,Busy,15
CALL0001805,ACC00743,A010,2025-06-29,20,6,Saturday,No Answer,1
CALL0001806,ACC00743,A010,2024-08-31,17,5,Friday,Busy,9
CALL0001807,ACC00743,A001,2025-10-18,10,6,Saturday,Contacted,419
CALL0001808,ACC00743,A002,2024-01-26,14,4,Thursday,Busy,8
CALL0001809,ACC00744,A007,2024-05-22,17,5,Friday,Contacted,491
CALL0001810,ACC00744,A002,2024-06-13,13,4,Thursday,Contacted,197
CALL0001811,ACC00745,A004,2024-04-11,15,4,Thursday,Busy,16
CALL0001812,ACC00746,A008,2025-01-30,15,1,Monday,No Answer,12
CALL0001813,ACC00747,A003,2024-04-25,18,7,Sunday,Wrong Number,23
CALL0001814,ACC00747,A005,2025-09-04,8,3,Wednesday,Wrong Number,27
CALL0001815,ACC00748,A010,2025-03-18,15,5,Friday,Contacted,71
CALL0001816,ACC00748,A001,2025-08-10,12,3,Wednesday,Voicemail,6
CALL0001817,ACC00748,A009,2024-10-16,20,1,Monday,No Answer,19
CALL0001818,ACC00749,A009,2024-03-17,9,3,Wednesday,Voicemail,0
CALL0001819,ACC00749,A008,2024-09-22,15,2,Tuesday,Contacted,531
CALL0001820,ACC00750,A001,2025-05-23,15,3,Wednesday,No Answer,23
CALL0001821,ACC00751,A001,2024-08-20,20,4,Thursday,Voicemail,26
CALL0001822,ACC00751,A008,2024-12-13,20,2,Tuesday,No Answer,2
CALL0001823,ACC00751,A003,2024-06-16,15,3,Wednesday,Wrong Number,7
CALL0001824,ACC00752,A001,2025-08-01,8,6,Saturday,Busy,4
CALL0001825,ACC00752,A005,2025-01-04,10,5,Friday,Contacted,227
CALL0001826,ACC00754,A001,2025-01-27,16,1,Monday,No Answer,11
CALL0001827,ACC00754,A005,2024-07-02,12,3,Wednesday,Contacted,510
CALL0001828,ACC00754,A005,2025-05-01,18,5,Friday,Contacted,432
CALL0001829,ACC00754,A009,2025-07-07,13,5,Friday,Wrong Number,29
CALL0001830,ACC00755,A001,2024-07-18,17,1,Monday,Voicemail,26
CALL0001831,ACC00755,A009,2025-04-03,18,4,Thursday,Contacted,334
CALL0001832,ACC00755,A001,2024-03-23,20,4,Thursday,No Answer,18
CALL0001833,ACC00756,A007,2024-04-12,20,7,Sunday,Voicemail,22
CALL0001834,ACC00756,A010,2025-05-26,18,3,Wednesday,Contacted,102
CALL0001835,ACC00756,A001,2024-12-12,10,4,Thursday,No Answer,15
CALL0001836,ACC00756,A008,2025-08-04,10,1,Monday,Voicemail,2
CALL0001837,ACC00757,A001,2025-04-22,18,1,Monday,Busy,17
CALL0001838,ACC00757,A009,2024-09-14,17,3,Wednesday,Contacted,492
CALL0001839,ACC00757,A003,2024-06-15,15,4,Thursday,Contacted,224
CALL0001840,ACC00757,A005,2024-03-01,17,3,Wednesday,Busy,17
CALL0001841,ACC00758,A008,2025-07-22,15,2,Tuesday,Wrong Number,5
CALL0001842,ACC00758,A008,2024-06-24,17,6,Saturday,Contacted,377
CALL0001843,ACC00759,A009,2025-10-04,8,5,Friday,Busy,18
CALL0001844,ACC00759,A007,2025-02-14,17,2,Tuesday,Voicemail,24
CALL0001845,ACC00759,A009,2024-10-20,16,2,Tuesday,Busy,18
CALL0001846,ACC00759,A004,2024-08-26,13,5,Friday,Voicemail,4
CALL0001847,ACC00760,A003,2025-07-20,18,3,Wednesday,Contacted,200
CALL0001848,ACC00760,A005,2025-04-29,11,7,Sunday,Busy,27
CALL0001849,ACC00760,A007,2024-01-04,20,4,Thursday,Contacted,136
CALL0001850,ACC00761,A006,2024-09-08,12,1,Monday,Busy,2
CALL0001851,ACC00761,A007,2025-02-11,17,2,Tuesday,Voicemail,5
CALL0001852,ACC00762,A004,2024-06-24,18,4,Thursday,Contacted,252
CALL0001853,ACC00763,A005,2024-02-02,12,2,Tuesday,No Answer,23
CALL0001854,ACC00763,A002,2024-07-27,12,2,Tuesday,Contacted,109
CALL0001855,ACC00764,A005,2024-09-28,19,2,Tuesday,Voicemail,15
CALL0001856,ACC00764,A005,2024-06-19,18,1,Monday,Voicemail,5
CALL0001857,ACC00765,A002,2025-06-01,10,3,Wednesday,Contacted,143
CALL0001858,ACC00765,A007,2025-02-21,12,3,Wednesday,Voicemail,21
CALL0001859,ACC00766,A004,2025-08-23,16,4,Thursday,Voicemail,14
CALL0001860,ACC00766,A010,2024-11-26,11,6,Saturday,Wrong Number,11
CALL0001861,ACC00767,A006,2025-01-03,11,1,Monday,No Answer,8
CALL0001862,ACC00767,A010,2025-10-28,9,4,Thursday,Wrong Number,28
CALL0001863,ACC00767,A009,2024-06-30,19,6,Saturday,Contacted,506
CALL0001864,ACC00767,A009,2024-06-24,12,5,Friday,No Answer,23
CALL0001865,ACC00768,A007,2024-09-14,14,2,Tuesday,Wrong Number,17
CALL0001866,ACC00769,A005,2024-11-11,11,1,Monday,No Answer,29
CALL0001867,ACC00769,A001,2025-10-09,14,3,Wednesday,Wrong Number,3
CALL0001868,ACC00769,A005,2025-01-21,18,4,Thursday,Contacted,486
CALL0001869,ACC00769,A008,2025-09-13,10,5,Friday,No Answer,16
CALL0001870,ACC00770,A002,2025-10-05,8,3,Wednesday,Voicemail,14
CALL0001871,ACC00770,A003,2024-12-24,16,1,Monday,Voicemail,0
CALL0001872,ACC00770,A008,2024-07-14,9,1,Monday,No Answer,5
CALL0001873,ACC00771,A003,2025-09-27,16,5,Friday,Busy,20
CALL0001874,ACC00772,A005,2024-06-25,9,3,Wednesday,Contacted,591
CALL0001875,ACC00773,A005,2024-02-07,19,4,Thursday,Wrong Number,16
CALL0001876,ACC00774,A003,2024-03-04,17,2,Tuesday,Contacted,306
CALL0001877,ACC00775,A009,2024-01-15,17,2,Tuesday,Busy,22
CALL0001878,ACC00775,A006,2025-03-09,9,7,Sunday,Busy,16
CALL0001879,ACC00776,A008,2025-09-06,12,7,Sunday,Wrong Number,6
CALL0001880,ACC00776,A008,2025-09-15,15,4,Thursday,Contacted,351
CALL0001881,ACC00776,A008,2025-05-04,16,4,Thursday,Busy,12
CALL0001882,ACC00777,A010,2025-04-25,12,4,Thursday,Contacted,253
CALL0001883,ACC00777,A004,2024-10-06,18,4,Thursday,Contacted,317
CALL0001884,ACC00778,A006,2024-08-30,13,5,Friday,Busy,16
CALL0001885,ACC00778,A001,2025-07-18,17,4,Thursday,Wrong Number,22
CALL0001886,ACC00778,A008,2025-09-24,14,3,Wednesday,Wrong Number,0
CALL0001887,ACC00779,A003,2024-03-24,18,1,Monday,Contacted,327
CALL0001888,ACC00779,A002,2025-02-02,10,1,Monday,Voicemail,29
CALL0001889,ACC00780,A006,2024-05-13,19,3,Wednesday,Contacted,543
CALL0001890,ACC00780,A003,2025-09-13,17,3,Wednesday,Contacted,374
CALL0001891,ACC00781,A008,2025-10-18,11,5,Friday,Voicemail,1
CALL0001892,ACC00781,A004,2025-03-03,19,6,Saturday,Voicemail,14
CALL0001893,ACC00781,A003,2025-05-12,19,2,Tuesday,Voicemail,23
CALL0001894,ACC00781,A008,2024-12-04,9,2,Tuesday,Voicemail,13
CALL0001895,ACC00782,A003,2025-10-17,9,4,Thursday,Busy,27
CALL0001896,ACC00782,A010,2025-05-06,16,4,Thursday,Contacted,310
CALL0001897,ACC00782,A005,2025-03-14,13,2,Tuesday,Wrong Number,15
CALL0001898,ACC00783,A004,2025-08-21,20,4,Thursday,Contacted,91
CALL0001899,ACC00783,A005,2025-11-11,16,2,Tuesday,No Answer,17
CALL0001900,ACC00783,A007,2024-04-01,13,5,Friday,Voicemail,4
CALL0001901,ACC00784,A004,2024-11-23,15,3,Wednesday,Voicemail,2
CALL0001902,ACC00784,A003,2025-11-22,20,6,Saturday,Busy,10
CALL0001903,ACC00784,A003,2025-09-21,12,1,Monday,Contacted,474
CALL0001904,ACC00786,A007,2024-12-28,10,3,Wednesday,Contacted,299
CALL0001905,ACC00787,A009,2025-06-23,16,4,Thursday,Contacted,177
CALL0001906,ACC00788,A004,2025-01-26,19,7,Sunday,Busy,21
CALL0001907,ACC00789,A007,2024-02-12,12,5,Friday,Wrong Number,2
CALL0001908,ACC00789,A009,2024-02-19,20,2,Tuesday,Busy,1
CALL0001909,ACC00789,A007,2025-01-17,12,1,Monday,Busy,13
CALL0001910,ACC00790,A008,2024-07-04,17,4,Thursday,No Answer,7
CALL0001911,ACC00791,A004,2025-07-07,9,2,Tuesday,No Answer,18
CALL0001912,ACC00791,A008,2025-03-01,15,7,Sunday,Wrong Number,30
CALL0001913,ACC00791,A005,2025-04-19,15,6,Saturday,Wrong Number,12
CALL0001914,ACC00791,A009,2024-12-31,13,3,Wednesday,Busy,8
CALL0001915,ACC00792,A002,2024-12-04,18,5,Friday,Contacted,143
CALL0001916,ACC00793,A001,2024-05-23,14,2,Tuesday,Busy,7
CALL0001917,ACC00793,A004,2025-07-04,17,5,Friday,Contacted,285
CALL0001918,ACC00793,A009,2025-10-30,20,1,Monday,No Answer,9
CALL0001919,ACC00793,A005,2024-11-18,13,5,Friday,Busy,12
CALL0001920,ACC00795,A002,2025-03-08,8,3,Wednesday,Voicemail,20
CALL0001921,ACC00796,A007,2024-10-31,12,4,Thursday,No Answer,29
CALL0001922,ACC00796,A010,2024-10-19,16,2,Tuesday,Busy,14
CALL0001923,ACC00796,A010,2025-04-09,11,2,Tuesday,Contacted,477
CALL0001924,ACC00797,A006,2025-05-04,19,3,Wednesday,Busy,7
CALL0001925,ACC00797,A009,2025-06-03,17,3,Wednesday,Busy,11
CALL0001926,ACC00798,A010,2024-09-27,16,5,Friday,No Answer,18
CALL0001927,ACC00799,A010,2024-11-03,19,3,Wednesday,Contacted,371
CALL0001928,ACC00799,A007,2025-08-19,9,5,Friday,Voicemail,26
CALL0001929,ACC00799,A004,2025-11-03,20,7,Sunday,Voicemail,4
CALL0001930,ACC00799,A003,2025-08-21,8,2,Tuesday,Busy,9
CALL0001931,ACC00799,A001,2025-06-22,14,4,Thursday,Wrong Number,28
CALL0001932,ACC00800,A001,2025-05-29,16,5,Friday,Voicemail,24
CALL0001933,ACC00800,A010,2024-05-07,19,2,Tuesday,No Answer,23
CALL0001934,ACC00800,A001,2025-11-26,18,3,Wednesday,Contacted,381
